発光効率及び素子寿命改善さた有機電界発光素子提供する解決手段有機電界発光素子１０第１電極ＥＬ１第２電極ＥＬ２及び第１電極ＥＬ１第２電極ＥＬ２との配置さアントラセンコア有する第１ホスト及び窒素含む複素環有する第２ホスト含む発光ＥＭＬ含み発光ＥＭＬ互いに異なる２種類の第１ホスト及び第２ホスト両方含む発光効率及び寿命特性改善さ選択１	0					
１対の電極と発光含む複数の有機化合物有し前記有機化合物前記１対の電極形成さた有機ＥＬ素子開示さて前記発光少なくとも２のリン光ドーパントとホスト化合含ま前記少なくとも２のリン光ドーパントの一方のリン光ドーパントのＬＵＭＯＤ１他方のリン光ドーパントのＬＵＭＯＤ２の差の絶対値０．１０ｅＶ１．００ｅＶであり前記のリン光ドーパントのＬＵＭＯＤ１前記ホスト化合のＬＵＭＯＨの関係および前記他方のリン光ドーパントのＬＵＭＯＤ２前記ホスト化合のＬＵＭＯＨの関係一定の条件満たして	0					
５０ｎｍ〜３００ｎｍの範囲の膜厚有する電荷輸送膜の製造方法であってＮＮ−ジアリールベンジジン誘導体のみなる電荷輸送物質とドーパント物質と有機溶媒と含む電荷輸送膜形成ワニス基塗布する工程と得た塗膜下記Ｓ１示さ焼成温度焼成する工程と備える焼成温度>［２３２．５＋前記膜厚／２０ｎｍ×５Ｓ１	0					
５超原子価ヨウ素化合物と電荷輸送物質と有機溶媒と含む電荷輸送薄膜形成ワニス提供する	0					
ＯＬＥＤデバイス高い透明度又は可視スペクトルの低い吸光透過率>９０Ｔ保持できる組成提供するインク組成であってａポリチオフェンｂ１の金属酸化物ナノ粒子ｃ１のドーパントｄ１の有機溶媒含む液体担体含む組成	0					
インドロカルバゾール化合用いた有機電界発光素子ＥＬ素子提供するこの有機EL素子基板陽極燐光発光含む複数の有機及び陰極積層さて燐光発光正孔輸送電子輸送正孔阻止又は電子阻止一般１表さインドロカルバゾール化合含有する一般１環I及び環II隣接環と縮合する式１ａ及び１ｂ表さ環でありＡＣ−Ｒ又はＮ表し少なくとも一つＮであるＬ置換若しくは未置換の芳香族炭化水素基又は芳香複素環基表し少なくとも一つ２環〜４環の縮合複素環基であるＲ脂肪炭化水素基芳香族炭化水素基又は芳香複素環基示しｐ０〜４ｑ０〜２ｒ１〜４の整数示しＸ１〜Ｘ４芳香族炭化水素基又は芳香複素環基示しｌｍ及びｎ０〜５の整数示す	0					
インドロカルバゾール化合用いた有機電界発光素子EL素子提供する基板陽極燐光発光含む複数の有機及び陰極積層さてなる有機EL素子であって燐光発光正孔輸送電子輸送正孔阻止及び電子阻止選ば有機インドロカルバゾール環の一つのNカルバゾリル基置換し他の一つのN少なくとも１つの芳香族炭化水素基又は芳香複素環基置換した構造のインドロカルバゾール化合含有する有機EL素子である	0					
さらに優れた寿命示す有機ＥＬ素子及び当該有機ＥＬ素子備える電子機器提供するであり陰極陽極及び該陰極と該陽極の間存在する有機含有する有機エレクトロルミネッセンス素子であって該有蛍光発光含み該蛍発光式Ｄ１及びＤ２表さ化合物選ば１であるドーパント材料式１９２１２２及び２３表さ化合物選ば１である第１化合物並びに式２ａ２ｂ及び２ｃ表さ化合物選ば１である第２化合含む有機エレクトロルミネッセンス素子	0					
フッ素原子含有する電荷輸送物質とフッ素原子含有しない電荷輸送物質とヘテロポリ酸なるドーパント物質と有機溶媒と含みフッ素原子含有する電荷輸送物質トリアリールアミン化合とフッ素原子含有するアリールアルデヒド化合とカルボニル基有するフルオレン誘導体とＮ位アルキル基またはエーテル構造含むアルキル基有するカルバゾール誘導体と縮合さて得重量平均分子量１，０００〜２００，０００の重合体でありフッ素原子含有しない電荷輸送物質オリゴアニリン化合である電荷輸送ワニス作製した薄膜陽極発光の間それら接する態様単一用いた場合でも優れた輝度特性および耐久有する有機ＥＬ素子実現できる	0					
フッ素原子含有する電荷輸送物質とフッ素原子含有しない電荷輸送物質とヘテロポリ酸なるドーパント物質と有機溶媒と含みフッ素原子含有する電荷輸送物質トリアリールアミン化合とフッ素原子含有するアリールアルデヒド化合とカルボニル基有するフルオレン誘導体と縮合さて得重量平均分子量１，０００〜２００，０００の重合体でありフッ素原子含有しない電荷輸送物質オリゴアニリン化合である電荷輸送ワニス陽極発光の間それら接する態様単一用いた場合でも優れた輝度特性および耐久有する有機ＥＬ素子実現できる薄膜与える電荷輸送ワニス提供する	0					
フッ素原子含有する電荷輸送物質とフッ素原子含有しない電荷輸送物質とヘテロポリ酸なるドーパント物質と有機溶媒と含みフッ素原子含有電荷輸送物質トリアリールアミン化合物およびテトラアリールベンジジン化合選ば少なくとも１その少なくとも１つのアリール基エーテル結合含んでてアルコキシ基置換さたテトラアリールベンジジン化合とフッ素原子含有アリールアルデヒド化合とカルボニル基有するフルオレン誘導体と縮合さて得重量平均分子量５００〜２００，０００の重合体フッ素原子含有しない電荷輸送物質オリゴアニリン化合である電荷輸送ワニス陽極発光の間それら接する態様単一用いた場合でも優れた輝度特性有する有機ＥＬ素子実現できる薄膜与える	0					
高性能な特に駆動電圧及び外部量子効率良好であり長寿命さた有機エレクトロルミネッセンス素子及び該有機エレクトロルミネッセンス素子備えた電子機器提供するさらにそれら実現するの化合物提供する具体的トリフェニレン骨格有する特定構造の化合物該化合用いた有機エレクトロルミネッセンス素子並びに該有機エレクトロルミネッセンス素子備えた電子機器提供する	0					
陰極陽極及び該陰極と該陽極の間存在する有機含有し該有蛍光発光含み該蛍発光第１化合物該第１化合大きい正孔移動有する第２化合物及び蛍光スペクトルの半値幅３０ｎｍのドーパント材料含有する有機エレクトロルミネッセンス素子及び陰極陽極及び該陰極と該陽極の間存在する有機含有し該有蛍光発光含み該蛍発光第１化合物該第１化合大きいアフィニティ有する第３化合物及び蛍光スペクトルの半値幅３０ｎｍのドーパント材料含有しかつ該第３化合の蛍光発光の含有量該第１化合の蛍光発光の含有量少ない有機エレクトロルミネッセンス素子優れた性能示す	0					
陰極陽極及び該陰極と該陽極の間有機含有し該有蛍光発光含み該蛍発光式１９２１２２及び２３表さ化合物選ば１である第１化合物式３ａ表さ化合物選ば第２化合物及び式Ｄ１及びＤ２表さ化合物選ばドーパント材料含有する有機エレクトロルミネッセンス素子優れた性能示す	0					
下記一般１表さ化合であって一般１Ａｒ４つの環縮合しかつ環形成原子２２の芳香族炭化水素基または複素環基でありＡｒ置換基有しててよくＲ１１置換もしくは無置換の芳香族炭化水素基でありＲ１１置換基有する芳香族炭化水素基である場合その置換基複素環基ではなくＸ１窒素原子またはＲ１２結合する炭素原子ＣＲ１２でありＲ１２水素原子または置換基でありＬ１単結合または連結基でありＸ２およびＸ３それぞれ独立窒素原子またはＲ２結合する炭素原子ＣＲ２でありＲ１およびＲ２それぞれ独立水素原子または置換基でありＬ２連結基である	0					
下記一般１表さ化合である下記一般１Ｘ１〜Ｘ８それぞれ独立下記一般２０表さ基結合する炭素原子ＣＲＸまたは窒素原子であるＸ１〜Ｘ８の少なくとも１つ下記一般２表さ基結合する炭素原子であるＲＸそれぞれ独立水素原子置換もしくは無置換の炭素数１〜３０のアルキル基等である	0					
下記一般１００表さ化合であってＸ１Ｘ２およびＸ３それぞれ独立窒素原子またはＲ２結合する炭素原子でありＹ酸素原子や硫黄原子でありＲ１、２、１１、２１、２２水素原子又は置換基でありＬ１単結合または連結基でありＬ２連結基である	0					
下記一般表さモノスピロビフルオレン化合発光用いた有機エレクトロルミネッセンス素子発光効率高いＲ１〜Ｒ８の少なくとも１つ電子供与基他水素原子表しＲ９〜Ｒ１６の少なくとも１つトリアジノ基の電子吸引基他水素原子表すＲ１〜Ｒ１６のの１１〜１４水素原子表す	0					
下記１表さアントラセン誘導体式１Ｒ１１〜Ｒ２０のいずれ１つＬ１の結合用いＬ１の結合用いないそれぞれ独立水素原子ハロゲン原子シアノ基置換もしくは無置換の炭素数１〜２０のアルキル基等であるＬ１単結合置換もしくは無置換の環形成炭素数６〜５０の２の芳香族炭化水素基等であるＺ下記２表さ構造である式２Ｒ１、３及びＲ４のいずれ１つＬ１の結合用いＬ１の結合用いないＲ２並びにＲ５〜Ｒ１０それぞれ独立水素原子ハロゲン原子シアノ基置換もしくは無置換の炭素数１〜２０のアルキル基等であるただしＲ５〜Ｒ８の少なくとも１の隣接する２つの基互いに結合して飽和又は不飽和の炭化水素環形成する	0					
下記１表さオリゴアニリン誘導体なる電荷輸送物質フッ素原子含有しない電荷輸送物質及び有機溶媒含む電荷輸送ワニス並びに該ワニス得薄膜含む有機ＥＬ素子提供する式Ｒ1水素原子又は置換さててアルキル基表しＲ2〜Ｒ10それぞれ独立水素原子ハロゲン原子ニトロ基シアノ基又は置換さててアルキル基アルケニル基アルキニル基アリール基若しくはヘテロアリール基表しＡ所定のフッ素原子含有置換基表しｋ１〜２０の整数表す	0					
下記１表さチオフェン誘導体提供するＲ1〜Ｒ4アルキルアルケニルアルキニルアルコキシアルケニルオキシアルキニルオキシアルキルチオアルキニルチオアリールオキシヘテロアリールオキシアリールチオ又はヘテロアリールチオＲ5〜Ｒ8水素アルキルアルケニルアルキニルアルコキシアルケニルオキシアルキニルオキシアルキルチオアルキニルチオアリールオキシヘテロアリールオキシアリールチオ又はヘテロアリールチオＲ9〜Ｒ12水素アルキルアルケニルアルキニルアルコキシアルケニルオキシアルキニルオキシアルキルチオアルキニルチオ又はアリール表す	0					
下記１表さフッ素原子含有アミド化合物及び電荷輸送物質含む電荷輸送ワニス提供する式Ａｒ1下記１−１〜１−９のいずれ表さ基表しＡｒ2及びＡｒ3所定のフッ素原子含有アリール基又はアラルキル基表す	0					
下記１表さフッ素原子含有化合提供する式Ｚ所定の２の基表しＡｒそれぞれ独立所定の芳香環含有基表しＡｒFそれぞれ独立所定のフッ素原子含有アリール基表す	0					
下記１表さ化合物１式＊ａ＊ｂＲ１Ｘ１Ｌ１Ｌ２ｎＡ１及びＡ２明細書定義した及び下記Ｉ表さ化合物２式＊ｃ＊ｄＲ１Ｘ１Ｌ１Ｌ２ｎＡ１Ａ２Ｈａｌ１及びＨａｌ２明細書定義したのＨａｌ２の反応活性Ｈａｌ１著しく低くなる反応条件Ａ１導入し次いでＨａｌ２の反応活性高くなる反応条件Ａ１異なるＡ２導入する式１表さ化合物の製造方法提供する式１表さ化合物塗布層形成する可能でありＥＬ素子の多様な特性要求応える出来る	0					
下記１又は２表さフッ素原子含有重合体提供する式Ａ1〜Ａ3それぞれ独立炭素数１〜６のフルオロアルカンジイル基表し；Ｘ1〜Ｘ4それぞれ独立架橋基表し；Ａｒ1〜Ａｒ3それぞれ独立置換さてて炭素数６〜２０のアリーレン基又は炭素数２〜２０のヘテロアリーレン基表しＹ1〜Ｙ4それぞれ独立単結合又は炭素数６〜２０のアリーレン基表し；Ｒ1〜Ｒ10それぞれ独立ハロゲン原子ニトロ基若しくはシアノ基又は置換さててアルキル基アルケニル基アルキニル基アルコキシ基アルケニルオキシ基アルキニルオキシ基アリール基ヘテロアリール基アリールオキシ基若しくはヘテロアリールオキシ基表す	0					
屈折率著しく低い組成およびこの組成用いた有機光電子素子ならびかかる組成および有機光電子素子の簡便な製造方法提供する含フッ素重合体と有機半導体材料とドーパント含む組成	0					
孤立電子対とπ電子軌道有する化合物含む有機発光素子であってその化合物孤立電子対構成する電子の少なくとも一部ｎπ*遷移励起三重項状態3ｎπ*励起さた励起三重項状態3ｎπ*励起一重項状態1ｎπ*逆項間交差しその励起一重項状態1ｎπ*基底状態戻る蛍光放射する特徴するこの有機発光素子発光効率高い	0					
高い正孔移動度および／または高いガラス転移温度好適なＨＯＭＯ準位ＬＵＭＯ準位三重項準位示す化合である2-(4'-ジフェニルアミノ)フェニル-8-(1'-チアントレニル)-ジベンゾチオフェンおよび4-(1-チアントレニル)-ビス(トリフェニルアミン)提供さこれらの化合物ＯＬＥＤデバイスなどの正孔輸送使用さ選択なし	0					
高効率長寿命かつ屈曲耐性ある有機エレクトロルミネッセンス素子提供する陽極１２陰極１８の間発光１５発光１５隣接する電子輸送１６と備える有機エレクトロルミネッセンス素子１０であって発光１５のホスト化合のイオン化ポテンシャル発光１５の発光ドーパントのイオン化ポテンシャル０．３ｅＶ深く電子輸送１６含ま少なくとも１つの有機化合の分子双極子モーメント６．０デバイである	0					
高効率かつ高い駆動安定性有した実用有用な有機ＥＬ素子及びそれ適する化合物提供する一般1示さ芳香族炭化水素基及び／又は芳香複素環基連結した骨格構造有し置換基含まない骨格構造の分子量5001500であり骨格構造の配探索計算生成さ立体配座の数9〜100000なる構造有する有機電界発光素子化合であるここAr炭素数6〜30の芳香族炭化水素基炭素数3〜24の芳香複素環基又はこれらの芳香環2〜10連結してなる連結芳香基でありHetAr炭素数3〜24の芳香複素環基でありz2〜5の整数である１	0					
高効率かつ高い駆動安定性有した実用有用な有機ＥＬ素子及びそれ適する有機電界発光素子化合物提供するこの有機電界発光素子化合物一般1示さ芳香族炭化水素基芳香複素環基連結した骨格構造有し置換基除く骨格構造の分子量500〜1500であり骨格構造の配探索計算生成さ立体配座の数9〜200000なる構造有する式HetArインドロカルバゾール基等の炭素数3〜24の芳香複素環基でありAr0芳香族炭化水素基芳香複素環基又はこれらの芳香環連結してなる連結芳香基でありz2〜5である	0					
高効率かつ高い駆動安定性有した有機ＥＬ素子及びそれ適する化合物提供するＣ２Ｂ１０Ｈ１２のカルボラン環の１又は２のホウ素原子芳香族炭化水素基又は芳香複素環基置換しカルボラン環の２の炭素原子芳香族炭化水素基又は芳香複素環基又は複数のカルボラン環有する場合他のカルボラン環結合した構造有するカルボラン化合なる有機電界発光素子用材及びこの有機電界発光素子材料発光電子輸送又は正孔阻止使用した有機電界発光素子である	0					
高性能の有機エレクトロルミネッセンス素子及び該有機エレクトロルミネッセンス素子備えた電子機器提供するさらにそれら実現するの化合物提供する具体的トリフェニレン骨格有する特定構造の化合物該化合用いた有機エレクトロルミネッセンス素子並びに該有機エレクトロルミネッセンス素子備えた電子機器提供する	0					
式１１式Ｒ１〜Ｒ５、６〜Ｒ１０及びＲ１１〜Ｒ１８明細書定義したである表さ化合物高効率かつ長寿命の有機ＥＬ素子実現する	0					
式１表さアニリン誘導体なる電荷輸送物質とヘテロポリ酸なるドーパント物質と有機シラン化合と有機溶媒と含む電荷輸送ワニス２００下回る低温焼成可能であるそのな焼成条件下作製した薄膜高平坦かつ高電荷輸送有し有機ＥＬ素子適用した場合優れた輝度特性発揮さ式Ｘ1−ＮＹ1−表しＹ1およびＲ1〜Ｒ6互いに独立して水素原子表しｍおよびｎ互いに独立して０の整数表し１≦ｍ＋ｎ≦２０満たす但しｍまたはｎ０であるＸ1−ＮＹ1−表す	0					
式１表さアニリン誘導体提供する式Ｒ1アルキル基アルケニル基アルキニル基炭素数６〜２０のアリール基ヘテロアリール基又は式２表さ基表しＲ2〜Ｒ55それぞれ独立水素原子ハロゲン原子ニトロ基シアノ基アルデヒド基ヒドロキシ基チオール基カルボン酸基アルキル基アルケニル基アルキニル基アリール基ヘテロアリール基等表す	0					
式１表さアリールジアミン化合と電子受容ドーパント物質と溶媒と含む電荷輸送ワニス高い透明性有し有機ＥＬ素子適用した場合良好な素子特性発揮さ電荷輸送薄膜与える式Ｒ1〜Ｒ4それぞれ独立して水素原子ハロゲン原子ニトロ基シアノ基水酸基チオール基リン酸基スルホン酸基カルボキシル基炭素数１〜２０のアルコキシ基等表しＲ5〜Ｒ8それぞれ独立して水素原子フェニル基ナフチル基ピリジル基ピリミジニル基ピリダジニル基ピラジニル基フラニル基ピロリル基ピラゾリル基イミダゾリル基チエニル基等表しｎ２〜５の整数表す	0					
式１表さアリールスルホン酸化合物式Ａｒ1式２表さ基表しＡｒ2式３表さ基表す式ｑ１〜４の整数表す	0					
式１表さオリゴアニリン誘導体該オリゴアニリン誘導体含む電荷輸送ワニス及び有機ＥＬ素子提供する式Ｒ1水素原子又は置換さててアルキル基表しＲ2〜Ｒ10それぞれ独立して水素原子ハロゲン原子ニトロ基シアノ基又は置換さててアルキル基アルケニル基アルキニル基アリール基若しくはヘテロアリール基表しＡ置換さててフルオロアルキル基フルオロシクロアルキル基フルオロビシクロアルキル基フルオロアルケニル基若しくはフルオロアルキニル基置換さててフルオロアリール基置換フェニル基置換さててフルオロアラルキル基又は置換アラルキル基表しｎ1１〜２０の整数表す	0					
式１表さ特徴するアリールスルホン酸化合提供する式Ａｒ1式２表さ基表し式Ｒ1〜Ｒ5それぞれ独立水素原子ハロゲン原子シアノ基ニトロ基メチル基又はトリフルオロメチル基表すがＲ1〜Ｒ5の少なくとも１つハロゲン原子表すＡｒ2式３又は４表さ基表す	0					
式１表さトリアリールアミン誘導体提供する式Ａｒ1〜Ａｒ4互いに独立してフェニル基１−ナフチル基２−ナフチル基１−アントリル基２−アントリル基９−アントリル基１−フェナントリル基２−フェナントリル基３−フェナントリル基４−フェナントリル基又は９−フェナントリル基表しＸ式２表さ２の基表す式Ａ炭素数１〜６のフルオロアルカンジイル基表す	0					
式１表さトリフェニルアミン誘導体有機溶媒の良好な溶解示す薄膜して正孔注入適用した場合優れた輝度特性有する有機ＥＬ素子実現できる式Ｒ1〜Ｒ17互いに独立して水素原子ハロゲン原子ニトロ基シアノ基アミノ基アルデヒド基水酸基チオール基カルボン酸基等表しｌｍおよびｎ互いに独立して１〜５の整数表す	0					
式１表さフルオレン誘導体提供する式Ｒ1及びＲ2の少なくとも一方アルコキシ基アルケニルオキシ基アルキニルオキシ基アリールオキシ基ヘテロアリールオキシ基及び少なくとも１つのエーテル構造含むアルキル基のいずれ表しＲ3及びＲ4所定の置換基表しｎ1及びｎ2０〜３の整数でありＡｒ1及びＡｒ2所定の窒素含有基表す	0					
式１表さ化合物：１式１破線Ａ〜Ｄ及びＲ１〜Ｒ１０明細書定義したである高性能な有機エレクトロルミネッセンス素子実現する	0					
式１表さ化合物なる電荷輸送物質と分子量２００〜９，０００の電荷輸送化合なる電荷輸送物質と含む電荷輸送材料有機溶媒の良好な溶解示しこれ有機溶媒溶解さで電荷輸送平坦および均一優れる電荷輸送薄膜再現性よく与える電荷輸送ワニス調製できる	0					
式Ａ１又はＡ２表さアリールスルホン酸化合物式Ａｒ1ｍ個のＺ0置換さフッ素原子置換さた炭素数６〜２０の１の芳香基表しＡｒ2ｍ個のＺ0置換さフッ素原子置換さた炭素数６〜２０の２の芳香基表しＬ式Ｐ１表さ基表しＺ0塩素原子臭素原子ヨウ素原子シアノ基ニトロ基若しくはフッ素原子置換さてて炭素数１〜１０のアルキル基又はフッ素原子置換さてて炭素数２〜１０のアルケニル基表しｍ０〜２の整数表す式ｎ１〜４の整数表す	0					
式Ｄ１〜Ｄ５のいずれ示さシアノ基置換さた含窒素複素芳香族化合物なるドーパント物質と電荷輸送物質と有機溶媒と含み前記ドーパント物質及び前記電荷輸送物質前記有機溶媒溶解して特徴する有機エレクトロルミネッセンス素子の電荷輸送薄膜形成組成提供する	0					
式Ｔ１表さ２，２，６，６−テトラアルキルピペリジン−Ｎ−オキシル誘導体と電荷輸送物質と有機溶媒と含み前記有機溶媒良溶媒貧溶媒と含む電荷輸送薄膜形成ワニス提供する式ＲA互いに独立して炭素数１〜２０のアルキル基表しＲBヒドロキシ基オキソ基又はアセトアミド基表す	0					
"式Ｔ１表さ２,２,６,６−テトラアルキルピペリジン−Ｎ−オキシル誘導体と電荷輸送物質と有機溶媒と含む電荷輸送薄膜形成ワニス提供する式ＲA互いに独立して炭素数１〜２０のアルキル基表しＲB水素原子ヒドロキシ基アミノ基カルボキシ基シアノ基オキソ基イソシアナト基炭素数１〜２０のアルコキシ基炭素数２〜２０のアルキルカルボニルオキシ基炭素数７〜２０のアリールカルボニルオキシ基炭素数２〜２０のアルキルカルボニルアミノ基又は炭素数７〜２０のアリールカルボニルアミノ基表す"	0					
少なくとも陽極正孔注入正孔輸送発光電子輸送及び陰極この順に有する有機エレクトロルミネッセンス素子前記正孔注入下記一般１表さアリールアミン化合物および電子アクセプター含有する特徴する有機エレクトロルミネッセンス素子式Ａｒ１〜Ａｒ４相互同一でも異なってよく置換もしくは無置換の芳香族炭化水素基置換もしくは無置換の芳香複素環基置換もしくは無置換の縮合多環芳香基表す	0					
少なくとも陽極２発光３陰極４この順に積層した構造有する有機エレクトロルミネッセンス素子であって発光３第１ホスト材料と第２ホスト材料とドーパントである発光材料と含有して第１ホスト材料と第２ホスト材料いずれ発光材料の最低励起三重項エネルギー準位高い最低励起三重項エネルギー準位有するこの素子駆動の経時な性能劣化抑え長寿命である	0					
正孔輸送と電子輸送併せ持つ特定の構造有する２の化合物含有する有機エレクトロルミネッセンス組成及び正孔輸送と電子輸送併せ持つ特定の構造有する１の化合とそれ異なる化合であって電子輸送骨格有する化合物含有する有機エレクトロルミネッセンス組成並びに前記芳香複素環誘導体用いた有機エレクトロルミネッセンス素子用材有機エレクトロルミネッセンス素子材料溶液及び有機エレクトロルミネッセンス素子	0					
素子の発光効率改善し駆動安定性充分に確保しかつ簡略な構成もつ有機ＥＬ素子とそれ使用さ有機ＥＬ素子材料開示するこの有機ＥＬ素子基板積層さた陽極と陰極の間発光有し該発光燐光発光ドーパントとシリル基有するインドロカルバゾール化合なる有機ＥＬ素子材料ホスト材料含有するまたこの有機ＥＬ素子用材シリル基含窒素芳香複素環基介してインドロカルバゾール環の窒素原子置換した構造有するインドロカルバゾール化合である	0					
素子の発光効率改善し駆動安定性充分に確保しかつ簡略な構成もつ有機ＥＬ素子材料とそれ使用した有機ＥＬ素子提供するこの有機ＥＬ素子用材カルボラン環ジベンゾフラニル基結合した構造有するカルボラン化合なるまたこの有機ＥＬ素子用材基板積層さた陽極と陰極の間発光有する有機電界発光素子の発光電子輸送又は正孔阻止好ましく使用さ更にこの有機ＥＬ素子材料燐光発光ドーパントとホスト材料含有する発光のホスト材料使用した有機電界発光素子開示する	0					
素子の発光効率改善し駆動安定性充分に確保しかつ簡略な構成もつ有機電界発光素子有機ＥＬ素子それ使用さ有機ＥＬ素子材料提供する一般1表さカルボラン化合なる有機ＥＬ素子用材でありこのカルボラン化合物カルボラン環少なくとも２つの窒素含む６環基結合した構造有するこの有機ＥＬ素子用材燐光発光ドーパントとホスト材料含む発光のホスト材料又は正孔阻止の材料適する式環Ａ式1又は式1b表さ２のカルボラン基でありXの２つNである１	0					
素子の発光効率改善し駆動安定性充分に確保しかつ簡略な構成もつ有機電界発光素子有機ＥＬ素子開示する基板積層さた陽極と陰極の間発光含む有機有する有機電解発光素子であって有機の少なくとも１又は燐光発光ドーパントとホスト材料含む発光ホスト材料カルボラン化合含有する有機電界発光素子であるこのカルボラン化合物カルボラン環含Ｎ縮合芳香環結合した構造有する含Ｎ縮合芳香環キノリン環又はキノリン環の１〜３の環構成炭素原子Ｎ原子した構造有する	0					
素子の発光効率改善し駆動安定性充分に確保しかつ簡略な構成もつ有機電界発光素子有機ＥＬ素子提供するこの有機電界発光素子基板陽極有機及び陰極積層さて発光正孔輸送電子輸送電子阻止及び正孔阻止なる群れ選ば少なくとも一つの有機少なくとも一つのカルボラン環有しその炭素シリル基有するカルボラン化合含有さた特徴する有機電界発光素子である	0					
素子の発光効率改善し駆動安定性充分に確保しかつ簡略な構成もつ有機電界発光素子有機ＥＬ素子提供するこの有機電界発光素子基板積層さた陽極と陰極の間発光有する有機電界発光素子であり該発光燐光発光ドーパントと下記１表さカルバゾール化合ホスト材料含有する式１Ｅ酸素又は硫黄でありＲ１〜Ｒ６水素アルキル基シクロアルキル基又は式２表さ芳香基である式２ＸＣＲ9又は窒素である	0					
素子の発光効率改善し駆動安定性充分に確保しかつ簡略な構成もつ有機電界発光素子有機ＥＬ素子提供する基板積層さた陽極と陰極の間発光含む有機有する有機電界発光素子であって有機の少なくとも1下記１表さカルバゾール化合含有する有機電界発光素子である有利上記カルバゾール化合ホスト材料発光含有する式１Ａ直接結合又はnの基でありＥ酸素または硫黄でありｎ２〜４の整数である	0					
素子の発光効率改善し駆動安定性充分に確保しかつ簡略な構成もつ有機電界発光素子有機ＥＬ素子提供する基板積層さた陽極と陰極の間複数の有機有する有機電界発光素子であって該有の少なくとも一つの層カルバゾール環とジベンゾフラン又はジベンゾチオフェン環1位と4位結合した構造２〜３有する下記一般１表さカルバゾール化合含有する有機電界発光素子である式１Ａｎ価の芳香族炭化水素基又は芳香複素環基でありｎ２又は３の整数でありＸ酸素又は硫黄である	0					
素子の発光効率改善し駆動安定性充分に確保しかつ簡略な構成もつ有機電界発光素子有機ＥＬ素子及びそれ使用さ有機ＥＬ素子材料開示する有機ＥＬ素子用材カルボラン環芳香基介してシリル基結合した構造有するカルボラン化合なるこのカルボラン化合物[ＳｉＲ3]p-Ｌ-（Ａr-Ｌ-[ＳｉＲ3]q表わさここAカルボラン環Ｌ芳香基ｐ１〜５ｑ０〜５ｒ１〜４であるまた有機ＥＬ素子基板積層さた陽極と陰極の間発光含む複数の有機有しこの有機のいずれカルボラン化合含有する	0					
低駆動電圧高発光効率長寿命均質な有機EL素子提供する対向する陽極と陰極の間発光含む有機電界発光素子発光ホスト材料発光ドーパント材料含有しホスト材料インドロカルバゾール環の２つの窒素芳香族炭化水素基又は芳香複素環基置換した構造有する化合物選ば２種類の化合物予備混合した材料であり予備混合したホスト材料発光ドーパント材料共真空蒸着して形成さたである特徴する	0					
低駆動電圧高発光効率長寿命な有機EL素子提供する対向する陽極と陰極の間発光含む有機電界発光素子発光ホスト材料発光ドーパント材料含有しホスト材料インドロカルバゾール環の１つの窒素ジフェニルトリアジニル基結合しこのジフェニルトリアジニル基のフェニル基１つのフェニル基置換した化合物選ば第１ホストとビスカルバゾール環の２つの窒素芳香族炭化水素基結合しこの芳香族炭化水素基の少なくとも１つ縮芳香族炭化水素基である化合物選ば第２ホスト混合した材料である	0					
低駆動電圧高発光効率長寿命な有機電界発光有機EL素子提供する対向する陽極と陰極の間発光有し発光第１ホストと第２ホスト含むホスト材料発光ドーパント材料含有し第１ホスト２つのＮ原子又は１つのＮ原子と１つＯ又はＳ原子異種原子含む下記一般(1)表さ４環縮合の芳香複素環化合であり第２ホスト１つのＮＯ又はＳ原子異種原子いて含む３環縮合の芳香複素環置換基有する下記一般(2)表さカルバゾール化合である有機EL素子１２	0					
長手方向４５°±１５°方向均一な吸収有する長尺偏光フィルム提供する解決手段尺基と長尺偏光膜と有する長尺偏光フィルムであって該長尺偏光膜の吸収の方向該長尺基の長手方向４５°±１５°であり該長尺偏光膜の遅相軸の方向該長尺基の長手方向０°±１０°又は９０°±１０°である長尺偏光フィルム選択１	1					
低温条件下液晶材料結晶する抑制できバックライト曝露長期良好な電圧保持維持できかつ優れた応答特性有する液晶表示装置とそのな液晶表示装置製造可能な液晶表示装置の製造方法と提供する解決手段一対の基板及び前記一対の基板の液晶有し前記一対の基板の少なくとも一方の液晶の表面配向膜有する液晶表示装置であって前記液晶ネマティック−相転移７５でありかつネマティック示す温度幅１００である液晶材料構成さ前記配向膜ポリアミック酸構造及びポリイミド構造の少なくとも一方又はポリシロキサン構造主鎖有する第一重合体とカルコン基有する少なくとも一種のモノマー含む少なくとも一種のモノマー重合さてなる第二重合体と含む液晶表示装置である選択１	1					
適切な重合反応高い転化および液晶組成の良好な溶解有しネマチック高い上限温度ネマチック低い下限温度小さな粘適切な光学異大きな誘電率異適切な弾性定数大きな比抵抗及び適切なプレチルトのな物性有する液晶組成及びこれ用液晶表示素子の提供解決手段１表さ化合物液晶組成液晶表示素子環Ａ１〜環Ａ４各々独立置換／非置換のフェニレン又はシクロキシレン；Ｚ１〜Ｚ４各々独立単結合又は置換／非置換のＣ１〜６のアルキレン；Ｌ１〜Ｌ３各々独立単結合ＣＨ＝ＣＨＣＨ＝ＣＨ−ＣＯＯＣＨ３Ｃ＝ＣＨＣＯＯ；ｓ及びｔ０又は１；Ｐ１〜Ｐ４重合可能な基選択なし	1					
転写の転写欠陥少ない光学異形成するできる組成及び光学異備える表示装置提供する解決手段組成少なくとも１種類の重合液晶化合と少なくとも１種類の光重合開始剤含有する光重合開始剤組成含み光重合開始剤極大吸収波長λ(A)及び極大吸収波長λ(B)有し少なくとも１種類の重合液晶化合の極大吸収波長λｍａｘ(LC)した２０ｎｍ<λ(B)−λｍａｘ(LC)又は２０ｎｍ>λｍａｘ(LC)−λ(A)満たす選択なし	1					
電界制御複堀ＥＣＢ効果基礎するアクティブマトリックス方式ディスプレイのの特にＶＡＰＳＡＰＳ−ＶＡＰＡ−ＶＡＰＡＬＣＦＦＳＰＳ−ＦＦＳＩＰＳまたはＰＳ−ＩＰＳ効果基礎するアクティブマトリックス方式ディスプレイの使用するモニター及びテレビ極めて高い温度極めて低い温度作動し短い応答時間有し改善さた信頼性動作有し長い作動時間焼き付け無い大幅に減少して液晶媒体の提供解決手段負の誘電異有する１の液晶化合と更に２の安定化なる化合含みアクティブマトリックス方式ディスプレイの使用する液晶媒体特に極性化合の混合物基礎する液晶媒体選択なし	1					
塗膜優れた組成該組成用いた基板の塗布溶液の濡れ拡がり高く均一な塗膜有しさらに液晶配向膜の端の塗膜優れる液晶配向膜の提供解決手段成分Ａ及び成分Ｂ含有する組成成分Ａ：１示さ溶媒Ｘ１炭素数１〜３のアルキル基成分Ｂ：ポリイミド前駆体及びポリイミド前駆イミドしたポリイミド選ば少なくとも１の重合体選択１	1					
透過率低下最小限抑えつつ異常光線屈折率ｎｅまたは複屈折Δｎ負の分散特性有する単のフィルムなる位相板提供する解決手段複屈折Δｎ可視光領域の少なくとも一部の波長領域測定波長長いほど大きくなる負の分散特性有する重合液晶組成と二色色素と含有する組成重合してなる重合体含んでなるフィルムなる位相板であって重合液晶組成の１００重量二色色素０．０３〜０．８重量含有し重合体二色色素のオーダーパラメータＳ０．４≦Ｓ≦１．０の範囲ある位相板Ｓ＝ＤＲ−１／ＤＲ＋２１式ＤＲ二色色素の吸収二である選択１	1					
透過率低下抑え異常光線屈折率ｎｅまたは複屈折Δｎ負の分散特性有する単のフィルムなる位相板の提供解決手段有機高分子と少なくとも１種類の二色色素と含んでなるフィルムなる位相板であって前記位相板のリターデーションΔｎａ・ｄａ前記フィルム前記二色素除いたフィルムなる位相板のリターデーションΔｎｂ・した下記満足する位相板Δｎａ・ｄａ５８０／Δｎａ・ｄａ５５０−Δｎｂ・５８０／Δｎｂ・５５０>０ここΔｎａ・ｄａ５８０およびΔｎｂ・５８０波長５８０ｎｍ各位相板のリターデーションでありΔｎａ・ｄａ５５０およびΔｎｂ・５５０波長５５０ｎｍ各位相板のリターデーション選択１	1					
透明電極接続さ接続接合の信頼性向上可能なユニット提供する目的する解決手段領域Ｓｉ第１透明電極２３Ａと第２透明電極２３Ｂ２１挟み配線領域第１透明電極２３Ａと第２透明電極２３Ｂ接続３０の端挟む接続３０配線領域第１透明電極２３Ａ接合さた第１接着３１Ａと配線領域第２透明電極２３Ｂ接合さた第２接着３１Ｂとこれらの接着接合した配線部材３２と備える第１接着３１Ａ導有し配線部材３２第１接着３１Ａ接する配線３４Ａと配線３４Ａ支持する絶縁樹脂備える選択２	1					
二重なく高反射および透過率鮮明な画像の表示可能な投映像表示部材および投映像表示システム提供する解決手段反射および位相含み上記反射可視光領域選択反射示すコレステリック液晶含み上記コレステリック液晶円盤液晶化合含む液晶組成形成さた層であり上記位相の正面位相５０ｎｍ〜４００ｎｍの範囲である投映像表示部材ならび上記投映像表示部材含む投映像表示システムであって上記反射上記位相入射配置さて上記入射入射面平行な方向振動するｐ偏光である投映像表示システム選択なし	1					
熱光等安定性広い液晶温度範囲極めて大きな誘電率異有し光学に等方の液晶発現する液晶媒体前記液晶媒体用いる広い温度範囲使用可能で短い応答時間大きなコントラスト及び低い駆動電圧有し高周波の実効誘電率の低下抑制さた各種光素子の提供解決手段１表さ第１成分選択さた１つの化合物及び第２成分選択さた１つの化合物含有するアキラル成分Ｔとキラル含有し光学に等方の液晶発現する液晶組成Ｒ１Ｃ１〜１２アルキルＣ２〜１２アルケニルＣ１〜１１のアルコキシ；環Ａ１及び環Ｂ１１，４−シクロヘキシレン１，４−フェニレン；Ｌ１１〜Ｌ１４各々独立ＨＦ又はＣｌ；Ｙ１ＦＣｌ−ＣＦ３−ＯＣＦ３Ｃ１〜１２アルキル又はＣ１〜１１のアルコキシ；ｎ１１又は２選択なし	1					
熱や光高い安定性高い透明または高い上限温度液晶低い下限温度小さな粘適切な光学異小さな誘電率異適切な弾性定数他の液晶化合物の良好な相溶性などの物性の少なくとも１つ充足する液晶化合物この化合含有する液晶組成この組成含む液晶表示素子の提供解決手段１表さ化合物及び該化合含有する液晶組成Ｒ１及びＲ２Ｃ１〜２０のアルキル；Ｌ１及びＬ２のＨ他方Ｆ；Ｚ１及びＺ２各々独立単結合−ＣＯＯ−−ＯＣＯ−−ＯＣＨ２−−ＣＨ２Ｏ−−ＣＦ２Ｏ−−ＯＣＦ２−−ＣＨ２ＣＨ２−−ＣＨ＝ＣＨ−又は−Ｃ≡Ｃ−選択なし	1					
熱や光高い安定性高い透明又は高い上限温度液晶低い下限温度小さな粘適切な光学異大きな誘電率異適切な弾性定数他の液晶化合物の良好な相溶性の物性の少なくとも１つ充足する液晶化合物該化合含有する液晶組成並びに該組成含む液晶表示素子の提供解決手段１表さ分子末端トリフルオロメチルチオエチニル基有する液晶化合物Ｒａ置換／非置換のＣ１〜２０アルキル基；Ａ１〜Ａ４各々独立１，４−シクロヘキシレン基１，４−フェニレン基ピリジン−２，５−ジイル基ナフタレン−２，６−ジイル基等；Ｚ１〜Ｚ４各々独立単結合又はＣ１〜４アルキレン基；ｍｎ及びｑ各々独立０又は１；ｒ０〜２の整数；２≦ｍ＋ｎ＋ｑ＋ｒ≦５選択なし	1					
熱伝導と可視光反射の両特性優れた積層シート得る解決手段本発明の第１の態様係る積層シート高熱伝導と；前記高熱伝導積層さた可視光反射と；備える前記可視光反射の可視光反射８０である前記可視光反射の厚み０．１〜５００μｍである前記可視光反射無機フィラー酸化チタンと窒化ホウ素窒化アルミニウムまたはアルミナ含む選択１	1					
波長３５０ｎｍ〜５１０ｎｍの範囲極大吸収有する二色色素機能する化合物およびこれ含む組成提供する解決手段１：１式Ｒ１水素原子炭素数１〜２０のアルキル基等表しＲ２〜Ｒ４水素原子の置換基であって各々独立して炭素数１〜４のアルキル基等表しｎｍｐ各々独立して０〜２の整数でありＡｒ１Ｎフェニレン基結合して含窒素飽和ヘテロ環基であって当該含窒素飽和ヘテロ環基の少なくとも一方のβ位酸素原子または硫黄原子である５〜８環表す表さ化合物選択なし	1					
波長屈折率異制御可能な低波長分散特性さらに逆波長分散示す化合物ならびこの化合含有し良好な塗布有する液晶組成提供する解決手段下記１表さ化合物および該化合含む液晶組成式１Ａ1およびＡ2それぞれ独立して１，４−フェニレンまたは１，４−シクロキシレンであり；Ｚ1およびＺ2それぞれ独立して単結合−ＯＣＨ2−−ＣＨ2Ｏ−−ＣＯＯ−−ＯＣＯ−−ＣＨ＝ＣＨＣＯＯ−−ＯＣＯＣＨ＝ＣＨ−−ＣＨ2ＣＨ2ＣＯＯ−−ＯＣＯＣＨ2ＣＨ2−−ＣＨ2ＣＨ2ＯＣＯ−または−ＣＯＯＣＨ2ＣＨ2−であり；ｍおよびｎそれぞれ０〜３の整数であり；Ｘ1−Ｓ−であり；Ｑ1芳香環であり；Ｒ1およびＲ2アルキルや重合基有する基などである選択なし	1					
波長分散特性の制御可能な重合液晶化合提供する目的する解決手段１表さ重合液晶化合物式１Ａ1１，４−フェニレンまたは１，４−シクロキシレンでありＺ1およびＹ1連結基でありＴ1水素またはメチルでありＴ2とＴ3互いに結合して環形成する基でありｍ１〜３の整数でありＱ1スペーサーでありＰＧ重合の基である態様例示できる選択なし	1					
配向欠陥の発生抑制する光学特性損なうなく液晶組成の相転移温度低下さ可能な化合提供する解決手段Ａ表さ化合物選択なし	1					
配向膜なくて配向欠陥の発生抑制さた垂直配向液晶硬化膜形成可能な組成提供する解決手段下記Ｉ−１：１・・・Ｉ−１式Ｉ−１Ａｒ２つの環構造有する２の基表し該２つの環構造のの１つ６環であり該６環の１及び４Ｌ１及びＬ２結合しＬ１及びＬ２それぞれ独立単結合又は二の連結基表しＧ１及びＧ２それぞれ独立二の芳香基又は二の脂環炭化水素基表し＊結合表す表さ構造有する１の液晶化合と非イオンシラン化合物及びイオン化合なる群選択さ少なくとも一つと含む組成選択なし	1					
配線の周囲防水性高めるできるユニットおよび板提供する解決手段シート２０２１透明電極２３Ａ備える第１電極シート２２Ａと第２電極シート２２Ｂと備える第１電極シート２２Ａ透明電極２３Ａ構成する表面反対の面透明５０の表面５０固定さ配線３０Ａ接続領域ＳＡ透明電極２３Ａ接合さた導接着３１Ａと導接着３１Ａ接合さた配線基板３２Ａであって透明５０沿ってシート２０の外側延びる延在３３Ａ有する配線基板３２Ａと備える表面封止部４２Ａ接続領域ＳＡその周囲配線３０Ａの接続領域ＳＡ位置する部分および延在３３Ａの表面その周囲覆う裏面封止部４３Ａ延在３３Ａの裏面と透明５０の間埋めて選択３	1					
薄型表示装置転写可能な光学異フィルム与える光学異シート提供する解決手段基と液晶硬化膜と粘接着剤この順に有する光学異シートであって該液晶硬化膜重合液晶化合物配向した状態硬化した厚５μｍの膜であり液晶硬化膜と粘接着剤の密着Ｆ１基の密着Ｆ４大きくＦ４０．０２Ｎ／２５１Ｎ／２５である光学異シートの提供選択１	1					
薄型の円偏光板高い生産性製造する製造方法提供する解決手段１尺偏光板光配向膜形成組成連続に塗布して該長尺偏光板第１塗布膜形成する工程２該第１塗布膜乾燥する第１乾燥被膜形成する工程３該第１乾燥被膜該長尺偏光板の長尺方向斜め方向の偏光照射する配向規制の方向長尺偏光板の長尺方向斜めである長尺配向膜形成する工程４該長尺配向膜の重合液晶化合物Ａ含む液晶硬化膜形成組成連続に塗布し該長尺配向膜第２塗布膜形成する工程５該第２塗布膜乾燥する第２乾燥被膜形成する工程６該第２乾燥被膜硬化する長尺位相膜形成する工程これらの工程この順に有する長尺円偏光板の製造方法選択１	1					
薄膜高い光吸収選択性能有し耐熱性優れる偏光板及び円偏光板提供する解決手段本発明基と偏光子と備えた偏光板であって偏光子二色色素配向して厚５μｍの偏光有し下記Ｉ示さ吸光度保持８０である偏光板式Ａ１８５８５の耐熱オーブン偏光板１００保持したの二色色素の吸収極大波長吸収方向の吸光度表しＡ１２３偏光板耐熱オーブン投入する前２３測定した二色色素の吸収極大波長吸収方向の吸光度表す吸光度保持＝Ａ１８５／Ａ１２３×１００Ｉ選択１	1					
比較的短い時間液晶分子適度なプレチルト十分に配向さ液晶表示素子の製造方法提供する解決手段本発明の液晶表示素子の製造方法それぞれ電極備える一対の基板と基板配置さた垂直配向の液晶備える液晶表示素子製造する方法であるこの液晶表示素子の製造方法一対の基板液晶分子及び重合モノマ含有する液晶組成介して電極同士対向するに配置する工程と液晶組成印加する電圧液晶分子の閾値電圧高い第１の電圧保持する工程と電圧閾値電圧高い第１の電圧低い第２の電圧低下さた第２の電圧保持した状態液晶組成活性エネルギー照射する重合モノマ重合さて液晶得る工程と有する特徴する選択３	1					
表示画面の上下方向上方向の外の正反射効果的抑制できる有機発光表示装置提供する解決手段表示画面有する有機発光表示装置であって前記有機発光表示装置偏光子と液晶化合物含む液晶組成の硬化形成さた液晶硬化と有機発光表示パネルとこの順備え前記液晶硬化含ま前記液晶化合物の少なくとも一部の分子前記液晶硬化の面内方向傾斜してて前記偏光子前記表示画面の上下方向４５°大きく９０°の角度なす吸収有し前記液晶硬化前記偏光子の吸収４５°±５°の角度なす遅相軸有する有機発光表示装置選択１	1					
表示装置高精細さた場合であって安定して階対応する輝度の光出射するできる表示装置提供する解決手段画素薄膜トランジスタ形成さたトランジスタ回路３７０薄膜トランジスタのソース又はドレインの接続さ電極であり平面で画素光出射さ領域配置さ制御電極３１０薄膜トランジスタ形成さたトランジスタ回路と画素電極の間平面画素電極重畳するに形成さた容量電極３１４画素電極と容量電極の間形成さた容量電極絶縁膜３２８容量電極の端接して容量電極絶縁膜の間形成さ絶縁材料なるサイドウォール３６０備える表示装置選択８	1					
負の誘電率異有する組成及びその液晶組成用いた液晶表示素子及び液晶ディスプレイの提供解決手段１表さ化合物含み誘電率異中性の成分である成分Ｂ誘電に負の成分と含む液晶組成該組成誘電率異△ε粘ηネマチックの上限温度Ｔｎｉ低温のネマチックの安定性溶解回転粘γ１焼き付き特性良好であり液晶表示素子の製造の滴下発生しＯＤＦ工程安定した吐出可能であり液晶表示素子滴下の発生抑制するできる選択なし	1					
物理的衝撃強く高品質な表示特性保持できる液晶表示装置提供するまた高信頼性及び高性能な液晶表示装置提供する解決手段一対の基板液晶組成挟持する液晶表示装置該基板間の間隙支えるスペーサ画素電極又は共通電極の下設けた構造体設ける構造画素電極及び共通電極液晶組成突出さ設けて該構造体スペーサ配置さ領域拡張して設ける構造体同一の連続膜ある該構造体表面ほぼ同じ表面高さ連続する領域なりスペーサ密着及び安定性よく設けるできる選択１	1					
偏光子と光配向膜と含み偏光子の湿熱耐久性優れる積層積層の製造方法並びに上記積層含む偏光板液晶表示装置および有機ＥＬ表示装置提供する解決手段偏光子と偏光子隣接して配置さた光配向膜と有し光配向膜光配向膜形成組成偏光子表面直接接触さて形成さ層であり光配向膜形成組成光配向性基有する化合物Ａおよび架橋基有する化合物Ｂ含有するまたは光配向性基および架橋基有する化合物Ｃ含有する積層選択なし	1					
偏光度高い領域と単体透過率高い領域と有するパターン偏光フィルムの製造方法提供する解決手段下記１〜４の工程含むパターン偏光フィルムの製造方法の提供１基又は配向膜形成さた基の表面重合液晶化合物及び二色色素含む組成塗布する工程２塗布さた重合液晶化合物及び二色色素配向さ工程３配向した重合液晶化合フォトマスク介して活性エネルギー照射する重合液晶化合の重合と重合してない重合液晶化合含む液晶硬化膜得る工程４前記液晶硬化膜２３前記二色素の飽和溶解度１質量である溶剤洗浄し前記重合してない重合液晶化合除去するパターンした液晶硬化膜得る工程選択２	1					
保護フィルムやプライマー介さず位相フィルムの位相液晶偏光子の密着高めるできる位相フィルム提供する解決手段本発明係る位相フィルム１基１１配向１２重合液晶化合含む位相１３とこの順積層さて位相１３互いに異なる吸収ピーク波長有する２種類の光重合開始剤第１の光重合開始剤第２の光重合開始剤含有する重合液晶組成構成さて選択２	1					
本発明の課題優れたフィルムコントラストおよびパネルコントラスト達成するできる光学異の製造方法および偏光板の製造方法提供するである解決手段液晶化合物含有する重合液晶組成スメクチック固定さた光学異作製する光学異の製造方法であって液晶化合物等の低温ネマチックおよびスメクチックこの順示す液晶化合であり重合液晶組成なる未硬化スメクチックとネマチックの相転移温度の温度加熱する加熱工程と加熱工程の未硬化相転移温度の温度冷却して保持した相転移温度の温度加熱して保持する工程１繰り返す冷却加熱工程と冷却加熱工程の未硬化相転移温度の温度冷却して重合さ光学異作製する重合工程と有する光学異の製造方法選択なし	1					
本発明の目的光学異高い透過率維持しながらより理想近い負の分散特性有する光学異備える積層提供するである解決手段第１の光学異と第２の光学異と偏光子と備えた積層であって第１の光学異負の分散特性有し重合液晶組成と二色色素と含有する組成重合してなる重合体含んで下記１表さ第１の光学異二色色素のオーダーパラメータＳ１．０≧Ｓ≧０．５の範囲ありＳ＝ＤＲ−１／ＤＲ＋２１第２の光学異ｎｚ２>ｎｘ２≧ｎｙ２の屈折率特性有する特徴する積層選択２	1					
本発明フリッカー低減・抑制さ液晶表示素子提供する目的する解決手段第一の基板および第二の基板対向して設け一対の基板と前記第一の基板と第二の基板と間挟持さた液晶と前記第一の基板または第二の基板の少なくとも一方設けた画素電極と前記第一の基板または第二の基板の少なくとも一方設けた共通電極と有する液晶表示素子であって前記液晶ホメオトロピック配向状態電圧印加した生じる最初の過渡電流Ｉｐ１し２の過渡電流Ｉｐ２した場合前記液晶の過渡電流Ｉｐ１前記液晶の過渡渡電流Ｉｐ２大きな液晶用いる特徴する液晶表示素子選択１２	1					
本発明基板垂直方向液晶分子配向さできる安価な液晶配向及び液晶組成並びにそれら用いた液晶表示装置提供する課題する解決手段本発明の液晶配向液晶モノマー由来する構成単位含むランダム共重合なる特徴するまた本発明の液晶組成液晶成分と前記液晶配向含む特徴するさらに本発明の液晶表示装置一対の基板液晶挟持さた液晶表示装置であって前記液晶前記液晶組成である特徴する選択なし	1					
本発明所望の波長分散特性有する液晶組成提供する目的するまた本発明かかる液晶組成容易に得るできる製造方法提供する目的する解決手段１表さ液晶化合物１式２表さ液晶化合物２と含む液晶組成選択なし	1					
本発明熱耐久性優れた位相フィルム作製できる重合液晶組成これ用いて得位相フィルム偏光板液晶表示装置および有機電界発光装置提供する課題する解決手段所定の一般Ｉ表さ化合と所定の一般ＩＩ表さ重合液晶化合と含有する重合液晶組成選択なし	1					
本発明溶媒溶解良好な重合液晶化合提供する主目的する解決手段本発明下記一般１表さ特徴する重合液晶化合提供する上記課題解決する選択なし	1					
膜厚方向の熱伝導優れた熱伝導シート形成し組成提供するまた膜厚方向の熱伝導優れた熱伝導シート及び上記熱伝導シート用いた熱伝導デバイス提供する解決手段窒化ホウ素と一般１表さ化合物および縮合多環芳香族化合物化合物３の計４選択さ１の表面修飾と含む組成選択なし	1					
面状態良好な液晶硬化得るでき長いポットライフ有する液晶組成提供する解決手段１子中２つの重合官能基有し屈折率異０．２であり且つ逆波長分散示す液晶化合と環状ケトン構造有する溶媒と環状エーテル構造有する溶媒と前記液晶化合物のＮ−Ｉ低い温度揮発示す酸化防止剤含む液晶組成選択なし	1					
優れた接着有する接着備えかつ屈曲さた場合であって屈曲さて部分生じるシワの発生抑制し光学積層提供する解決手段第１光学と活性エネルギー硬化接着剤硬化さてなる第１接着と第２光学この順備え第１光学第１接着の表面液晶化合なる液晶であり前記活性エネルギー硬化接着剤硬化成分とカチオン重合開始剤含み前記硬化成分全量１００質量すると温度２５の粘３０Ｐａ・ｓである多官能芳香エポキシ化合１０〜９０質量含み脂環エポキシ化合物又は単官能エポキシ化合含んでてよく前記脂環エポキシ化合の含有量２５質量であり前記単官能エポキシ化合の含有量２０質量であり前記第１接着波長５８９ｎｍの屈折率１．５３である光学積層選択１	1					
有機ＥＬディスプレイの内部３Ｄ表示光学反射防止形成するで視野広く画面表示の明るい３Ｄ表示有機ＥＬディスプレイ提供する解決手段有機ＥＬ素子１０１形成する画素対応して透明基板１１２形成さたカラーフィルタ１０２カラーフィルタの光配向１１第一液晶ポリマー１２この順に積層さてなる３Ｄ表示光学１０第一液晶ポリマーの形成さた直線偏光１３直線偏光の配向１６第二液晶ポリマー１７この順に積層さ入射した外部入射有機ＥＬディスプレイの内部反射さ防止する反射防止である１／４λ偏光１５と一体形成さた積層の１／４λ偏光面して有機ＥＬ素子１０１形成さた有機ＥＬ素子基板１１１配置さてなる３Ｄ表示有機ＥＬディスプレイ選択１	1					
誘電率異粘ネマチックの上限温度ネマチック安定性の液晶表示素子の特性適する液晶組成・素子の提供解決手段ｉ表さ化合物含有し更に式ＸＩ−１−２又はＸＩ−１−４表さ化合物含有する液晶組成選択１	1					
誘電率異小さく応答有しかつ電圧かける複屈折変化する新規な液晶化合物提供する解決手段１表さ化合物式１Ｒ1、2およびＲ3独立して水素原子ないし炭素数１〜１０のアルキルでありこのアルキル少なくとも一つの−ＣＨ2−−Ｏ−−Ｓ−−ＣＯ−または−ＳｉＨ2−置き換えてよく少なくとも一つの−ＣＨ22−−ＣＨ＝ＣＨ−または−Ｃ≡Ｃ−置き換えてｎ０〜４の整数であるｍ１または２の整数であるＺ1およびＺ2−ＣＨ＝ＣＨ−である選択なし	1					
溶解と相転移温度改良した逆波長分散有する液晶化合物及びそれ用いた光学異積層偏光板表示装置ならびかかる液晶化合と光学異の製造方法液晶化合の中間体であるカルボン酸化合提供する解決手段光学異特定の光学活性炭素有する液晶化合含む又はこの液晶化合含む重合組成の硬化形成さて液晶化合の分子の長軸配向してなる選択なし	1					
良好な気体透過保持しつつ気体選択優れかつ工業的簡便な方法生産する可能な気体分離膜及びこれ基積層さた積層及び分離性能優れたガス分離モジュール提供する解決手段少なくとも１の重合液晶化合用い光学に１軸分子配列した前記重合体含有する気体分離膜であって前記重合体斜入射Ｘ線散乱測定得散乱プロファイル散乱２θ５〜１５°極大ピーク持ち同ピーク中心散乱２θ５°の範囲積算し散乱プロファイルの方位角５〜１７５°の範囲該積算の半値示す方位角の幅前記極大ピーク２つある場合それらの合計３０〜１０８°の範囲ある特徴する気体分離膜選択９	1					
良好な垂直配向性質有する液晶組成の提供解決手段少なくとも１つの式２例示さ二官能化合と少なくとも１つの式４例示さ単官能化合物含む液晶組成選択なし	1					
良好な表示画質と低消費電力両立する液晶パネル提供するまた良好な表示画質と低消費電力両立可能な液晶表示装置および電子機器提供する解決手段一対の基板と一対の基板挟持さた液晶と一対の基板挟持さ液晶の周囲配置さたシールと一対の基板のそれぞれ液晶の面配置さた配向膜と有しシールおよび配向膜の少なくともいずれ光または熱重合または分解する反応化合物形成材料含み液晶シクロキシル基有する飽和炭化水素と１のハロゲン原子置換さた芳香環有する芳香族化合物と含み全体液晶呈する液晶組成形成材料する液晶パネル選択８	1					
１下記のＡ成分Ｂ成分およびＣ成分含有する組成Ａ成分：下記の式１示さ溶媒１式１Ｘ１炭素数１〜４のアルキル基示すＢ成分：カルボキシル基有するジアミン化合含むジアミン成分とテトラカルボン酸二無水物成分と反応さて得ポリイミド前駆体またはポリイミド選ば少なくとも１の重合体Ｃ成分：特定のアルコキシシランのいずれ１含むアルコキシシラン重縮合さて得ポリシロキサン	1					
課題本発明解決しようする課題重合化合物の重合速度十分に速くなおかつプレチルトの変化表示不良無いあるいは極めて少なく十分なプレチルト有し応答性能優れるＰＳＡ又はＰＳＶＡ液晶表示素子製造するの重合化合物含む液晶組成提供する及びこれ用いた液晶表示素子提供するある解決手段一般Ｉ表さ重合化合物１又は２含有する液晶組成上記課題達成する	1					
課題誘電率異大きく粘の低い液晶組成提供する及び高コントラスト高速応答同時に耐光高く焼き付きや表示不良発生しない表示品質優れた液晶表示素子提供する解決手段一般Ｉ１表さ化合物１又は２と一般Ｊ２表さ化合物一種又は二含有する液晶組成提供する当該液晶組成液晶ディスプレイ液晶組成非常に実用であり高コントラスト高速応答及び高品質信頼有効である	1					
課題本願発明解決しようする課題誘電率異Δε負であり絶対値大きくアイソトロピック転移温度Ｔｎｉ高く粘η低く屈折率異Δｎ大きく相溶性高く熱や光劣化起こし組成提供するである解決手段本発明者種々の液晶化合物及び種々の化学物質検討し一般ｉ表さ化合物組み合わせる前記課題解決するできる見出し本発明完成する至った本発明当該組成及びそれ使用した液晶表示素子提供する１	1					
要約室温スメクチック示す重合液晶材料のでも等液体の転移温度Ｔｎｉ高く且つスメクチック形成する上限温度Ｔｎａ高い重合液晶材料含有する空気光重合可能な重合液晶組成提供するである更に当該重合液晶組成重合する得配向性良好で耐久性位相保持高くハジキ少ない重合体及び当該重合体用いた光学異方体提供するである本発明分子２の重合官能基有する重合液晶化合少なくとも２含有しそのの１一般Ｉ−１表さ重合液晶化合選択さ重合液晶組成提供し当該重合液晶組成重合さ得重合体及び当該重合体用いた光学異方体提供する	1					
要約本発明者配向膜の配向規制の向上鋭意検討重ねた結果当該配向規制配向膜の黄色ＹＩ一定制御する容易に解消できる見出しの本願発明当該課題解決する見出した透過する光の位相または速制御する液晶化合物含む液晶および前記液晶と当接して前記液晶化合物含ま液晶分子の配向制御する光配向備える画像表示有し前記配向の黄色ＹＩ０．００１<ＹＩ<１００である特徴する画像表示装置選択１	1					
要約課題本発明解決しようする課題重合化合物の重合速度十分に速くなおかつプレチルトの変化表示不良無いあるいは極めて少なく十分なプレチルト有し応答性能優れるＰＳＡ又はＰＳＶＡ液晶表示素子製造するの重合化合物含む液晶組成提供する及びこれ用いた液晶表示素子提供するある解決手段一般ｉ表さ重合化合物１又は２含有する液晶組成上記課題達成する選択なし	1					
要約課題本発明液晶組成発明であって一般ＩＩ−１表さ化合物含む液晶組成酸化防止剤および第一成分一般ＩＩ−１表さ化合と第二成分一般Ｋ表さ化合物含む液晶組成である当該一般ＩＩ−１表さ化合物酸化防止剤の作用効果奏する高い誘電異維持した低温安定性などの信頼性向上した酸化防止剤含む液晶組成提供するできる選択１	1					
要約課題発光ナノ結晶発光持つ液晶表示素子該発光用ナノ結晶の劣化や部分な高エネルギー光線の照射スポット液晶の劣化抑制または防止する解決手段第一の基板および第二の基板対向して設け一対の基板と前記一対の基板挟持さた液晶と画素電極と共通電極とカラーフィルタと発光素子と該発光素子の光赤色緑色青色の光変換する発光ナノ結晶含有する光変換備え前記液晶ポリマーネットワークＡ下記一般ｉ：１式Ｒｉ１及びＲｉ２炭素原子数１〜８のアルキル基等Ａｉ１１，４−フェニレン基等ｎｉ１０又は１表す表さ化合物１０〜５０重量含有する液晶組成Ｂ含有する図３代表さ液晶表示素子選択３	1					
一般Ｉ表さ化合物構成部材する液晶配向提供する式Ｌ重合基表しＳｐ１及びＳｐ２スペーサー単位表しＡ０１及びＡ０２それぞれ独立して１，４−フェニレン基など表しＸ１Ｘ２Ｙ１及びＹ２それぞれ独立して水素原子など表しＺＯＲ１又はＮＲ１２表さＲ１及びＲ２それぞれ独立して水素原子又は直鎖若しくは分岐の炭素原子数１３０のアルキル基など表しＷ−Ｏ−又は−ＮＲ３−表しＲ３水素原子直鎖若しくは分岐の炭素原子数１２０のアルキル基など表しｒおよびｔそれぞれ独立１又は２表す	1					
液晶素子対向配置さた一対の基と一対の基の互いに対向する面配置さた一対の透明電極と一対の基配置さ液晶及び重合化合物含む液晶組成硬化して形成さた液晶と一対の基の少なくとも一方の電極配置形成さた液晶配向膜と備える液晶組成重合化合単官能メタアクリレート化合物多官能メタアクリレート化合物多官能チオール化合物及びスチレン化合物なる群選ば少なくとも一種含有する液晶配向膜ポリメタアクリレート含有する液晶配向形成さてなる	1					
下記のＡ成分Ｂ成分およびＣ成分含有する組成Ａ成分：下記の式１ａまたは式１ｂ選ば少なくとも１の溶媒１式１ａＸ１炭素数１〜３のアルキル基示し式１ｂＸ２炭素数１〜３のアルキル基示すＢ成分：カルボキシル基有するジアミン化合含むジアミン成分とテトラカルボン酸二無水物成分と反応さて得ポリイミド前駆体またはポリイミド選ば少なくとも１の重合体Ｃ成分：下記の式Ａ１式Ａ２または式Ａ３示さアルコキシシランのいずれ１含むアルコキシシラン重縮合さて得ポリシロキサン	1					
課題高い上限温度低い下限温度小さな粘適切な光学異負大きな誘電率異大きな比抵抗紫外線高い安定性熱高い安定性のな特性の少なくとも１つの特性充足するまたはこれらの特性の少なくとも２つのあいだ適切なバランス有する液晶組成提供するである解決手段長所第一添加液晶組成高い溶解有し液晶表示素子の表示不良抑制する効果有する化合物第一成分負大きな誘電率異有する特定の化合物含有し負の誘電率異有する液晶組成であるこの組成第二成分高い上限温度または小さな粘有する特定の化合物および第二添加重合基有する特定の化合物含有して	1					
基板の配向膜や配向処理不要な液晶組成提供する液晶媒体基板ホモジニアス配向さ低分子極性化合物例えば下記一般１表さ特徴する低分子極性化合上記課題解決する９７上記１Ｍ炭素数１の無極性基でありＰ極性基である	1					
高速応答可能なる液晶好適な液晶・高分子複合材料より詳細ブルー相等の光学特にブルーＩＩＩ示す温度範囲充分に広い液晶・高分子複合材料及びその製造方法提供する少なくとも２種類のアキラルな液晶化合物含むネマチック液晶組成と少なくとも１種類のキラル化合と少なくとも１種類の重合化合物重合してなる高分子と含む特徴する液晶・高分子複合材料；少なくとも２種類のアキラルな液晶化合物含むネマチック液晶組成と少なくとも１種類のキラル化合と少なくとも１種類の重合化合物含む重合化合物含有液晶組成当該重合化合物含有液晶組成ブルーＩＩＩ示す温度範囲重合開始する硬化さ特徴する液晶・高分子複合材料の製造方法；並びに前記液晶・高分子複合材料用いた液晶光学素子	1					
重合液晶組成添加した場合又は重合体した場合優れた粘着発揮する重合組成当該重合組成含有する重合した場合高い耐熱性耐光有する重合液晶組成提供し合わせて当該重合組成重合液晶組成用いた重合体有する積層該積層用いた液晶表示素子有機発光表示素子提供するである本発明成分ａ〜成分ｅ含有する重合組成提供する	1					