低駆動電圧でありながら高効率高い駆動安定性有した有機EL素子提供する対向する陽極と陰極の間発光有しこの発光一般１表さインドロカルバゾール化合選ば第１ホストと一般２表さビスカルバゾール化合選ば第２ホスト及び発光ドーパント材料含有する特徴する有機電界発光素子１	0					
低駆動電圧でありながら高効率高い駆動安定性有した有機電界発光有機EL素子提供する対向する陽極と陰極の間形成さた発光下記一般１表さインドロカルバゾール化合選ば第１ホストと下記一般２表さカルバゾール化合選ば第２ホスト及び発光ドーパント材料含有する有機電界発光素子１ここＡｒ２Ａｒ３芳香族炭化水素基でありＬ１直接結合又はフェニレン基でありＬ２o-フェニレン基である	0					
低電圧でありながら高い発光効率高い駆動安定性有した実用有用な有機ＥＬ素子提供する基板陽極有機及び陰極積層さてなる有機電界発光素子該有の少なくとも１i下記一般１表さカルバゾール化合と(ii)１の２のカルボラン基このカルボラン基置換する芳香基有するカルボラン化合含む有機電界発光素子１ここＬ１芳香族炭化水素基芳香複素環基又はこれらの芳香環２〜６つ連結して構成さ連結芳香基でありｐ１〜３の数ｍ２〜４の数である	0					
低電圧でありながら高い発光効率示しかつ高い駆動安定性有した有機ＥＬ素子提供する基板陽極有機及び陰極積層さてなる有機電界発光素子該有の少なくとも１ｉ下記一般１表さビスカルバゾール化合とｉｉ１のカルボラン環とこのカルボラン環結合する芳香基有するカルボラン化合含む有機電界発光素子１ここＲＲ水素芳香族炭化水素基香複素環基アルキル基等でありｍ１〜６の数でありＸ１〜Ｘ３ＮＣ−Ｒ又はＣ−である	0					
低電圧でありながら高い発光効率示しかつ高い駆動安定性有する有機ＥＬ素子提供する基板陽極有機及び陰極積層さてなる有機電界発光素子該有の少なくとも１(i)下記一般１表さ化合と(ii)１の２のカルボラン基このカルボラン基置換する芳香基有するカルボラン化合含む有機電界発光素子である１ここＸ1及びＸ２ＮＲ１ＰＲ２ＯＳＳｅＣＲ３４又はＳｉＲ５６示しＹ単結合又は芳香基である	0					
低電圧でありながら高効率かつ高い駆動安定性有した実用有用な有機ＥＬ素子提供するこの有機ＥＬ素子対向する陽極と陰極の間発光とその他の有機有するであり発光少なくとも２つのホスト材料少なくとも１つの発光ドーパント含有しホスト材料の少なくとも１つインドロカルバゾール骨格１つ又は２つ有する化合物選ばホスト材料であり他の少なくとも１つジベンゾフラン又はジベンゾチオエン置換したカルバゾール化合選ばホスト材料である	0					
低電圧でありながら高効率かつ高い駆動安定性有した実用有用な有機電界発光素子有機ＥＬ素子提供するこの有機電界発光素子対向する陽極と陰極の間発光含み発光２つのホスト材料少なくとも１つの発光ドーパント含有し該２つのホスト材料の１つインドロカルバゾール環１つ有するインドロカルバゾール化合物又はインドロカルバゾール環２つ有するインドロカルバゾール化合選ばホスト材料であり他の１つカルバゾール化合選ばホスト材料である	0					
低電圧でありながら高効率かつ高い駆動安定性有した有機ＥＬ素子提供する対向する陽極と陰極の間１つの発光含む有機電界発光素子少なくとも１つの発光ホスト材料発光ドーパント含有しこのホスト材料(i)インドロカルバゾール環１又は２有するインドロカルバゾール化合なる第１ホストと(ii)カルバゾール環複数有し下記一般３表さ結合構造有するカルバゾール化合なる第２ホスト使用する１	0					
電荷輸送物質とドーパント物質と例えば４−クロロフェニルトリメトキシシランなどの含塩素一炭化水素基置換基有する有機シラン化合と有機溶媒と含む電荷輸送ワニス平坦電荷輸送および上層材料の塗布優れ有機ＥＬ素子適用した場合優れた輝度特性発揮さ薄膜与える	0					
電荷輸送物質とドーパント物質と有機溶媒と含み電荷輸送物質ＮＮ′−ジ１−ナフチルベンジジンＮＮ′−ジ２−ナフチルベンジジンおよびＮ−１−ナフチル−Ｎ′−２−ナフチルベンジジン選ば少なくとも１含む電荷輸送ワニス正孔注入適用した場合耐久性優れる有機ＥＬ素子実現できる電荷輸送薄膜与える	0					
電子緩衝材料含みかつ第１の電極と第１の電極対向する第２の電極と２つの電極の間配設さた発光と発光と第２の電極の間配設さた電子輸送領域及び電子緩衝備える有機ＥＬデバイス開示する本開示の電子緩衝材料含む有機ＥＬデバイス低駆動電圧高発光効率及び優れた寿命有する選択１	0					
電力効率優れ駆動寿命長い有機エレクトロルミネッセンス素子得るできる有機エレクトロルミネッセンス素子の製造方法提供する基板複数の蒸着該有化合物蒸着さて有機エレクトロルミネッセンス素子の発光形成する有機エレクトロルミネッセンス素子の製造方法１該複の蒸着いずれホスト化合とドーパント化合物充填さて２該複の蒸着お互いホスト化合ドーパント化合の質量比率異なって３該基該複の蒸着の蒸着エリア重なり合う領域全蒸着エリアの１０である特徴する有機エレクトロルミネッセンス素子の製造方法	0					
特定のオリゴアニリン化合と電子受容ドーパントと金属酸化物ナノ粒子と有機溶媒と含む電荷輸送ワニスその電荷輸送ワニス作製さ電荷輸送薄膜その電荷輸送薄膜有する電子デバイス及び有機エレクトロルミネッセンス素子並びにその電荷輸送ワニス用いる電荷輸送薄膜の製造方法開示さ	0					
白金発光である化合物より詳細青色の白金発光である化合物ならびに青色発光有機発光ダイオードＯＬＥＤそれらの用途本明細書記載ささらに当該白金発光体含む素子ならびに当該白金発光体の作製方法および使用方法本明細書記載さ	0					
発光効率改善し駆動安定性充分に確保しかつ簡略な構成もつ有機電界発光素子有機ＥＬ素子それ使用さ有機ＥＬ素子材料提供するこの有機電界発光素子基板積層さた陽極と陰極の間発光有しこの発光燐光発光ドーパントとカルボラン化合なる有機ＥＬ素子材料ホスト材料含有する有機ＥＬ素子用材であるカルボラン化合物３つのカルボラン骨格有する化合物でありＬ2-（Ａp-Ｌ1-Ａ-Ｌ1-（Ａq-Ｌ2表わさＡカルボラン環でありＬ１直接結合又は芳香基Ｌ２水素又は芳香基でありｐｑ１〜５の整数である	0					
発光効率改善し駆動安定性充分に確保しかつ簡略な構成もつ有機電界発光素子有機ＥＬ素子有機ＥＬ素子材料開示するこの有機ＥＬ素子用材１つのカルボラン環とジベンゾチオフェン環有し少なくとも１つのジベンゾチオフェン環その１２又は３カルボラン環結合した構造有するカルボラン化合であるまたこの有機ＥＬ素子基板積層さた陽極と陰極の間有機有し有機の少なくとも１上記カルボラン化合含有する	0					
発光特性駆動電圧及び耐久実用満足できる有機ＥＬ素子とそれ使用さ有機ＥＬ素子化合物提供する基板陽極発光含む複数の有機及び陰極積層さてなる有機ＥＬ素子であって発光正孔輸送電子輸送正孔阻止及び電子阻止選ば少なくとも一つの有機有機ＥＬ素子化合分子少なくとも一つのトリアリールボラン構造有するアダマンタン化合含有する	0					
発光特性駆動電圧及び耐久実用満足できる有機ＥＬ素子とそれ使用さ有機ＥＬ素子化合物提供する基板陽極発光含む複数の有機及び陰極積層さてなる有機ＥＬ素子であって発光正孔輸送電子輸送正孔阻止及び電子阻止選ば少なくとも一つの有機分子２つのインドロカルバゾリル基有するホウ素化合含有する有機ＥＬ素子であるこのホウ素化合物Y-L-B(A)a-L-Y又はY-L(Z)b-Y表わさるここＹインドロカルバゾリル基Ｌ芳香基Ｚホウ素含有基である	0					
発光特性駆動電圧及び耐久実用満足できる有機ＥＬ素子とそれ使用さ有機ＥＬ素子化合物提供するこの有機ＥＬ素子基板陽極発光含む複数の有機及び陰極積層さて発光正孔輸送電子輸送正孔阻止及び電子阻止選ば少なくとも一つの有機インドロカルバゾール化合含有する有機ＥＬ素子であるこのインドロカルバゾール化合物インドロカルバゾール環の窒素原子結合する連結基の原子又は前記環の炭素原子ホウ素含有基のホウ素結合した構造有するホウ素含有基分子少なくとも一つ有する化合物である	0					
本開示少なくとも２種類の化合物含む有機エレクトロルミネッセンス材料およびそれ含む有機エレクトロルミネッセンス素子本開示の化合物の特定の組み合わせ含む従来の有機エレクトロルミネッセンス素子良好な色純度有する有機エレクトロルミネッセンス素子提供さ選択なし	0					
本開示有機エレクトロルミネッセンス化合物ならびにそれ含む多成分ホスト材料及び有機エレクトロルミネッセンス素子本開示の有機エレクトロルミネッセンス化合物良好な発光効率有し発光のホスト使用するできる本開示有機エレクトロルミネッセンス化合使用する有機エレクトロルミネッセンス素子高い純度低い駆動電圧長い寿命ならびに改善さた電流効率及び電力効率有するできる選択なし	0					
本願式Ａのモノアリールアミン定義さた式のp-ドーパント含む材料本願さらに好ましく有機エレクトロルミッセンス素子ＯＬＥＤである電子素子の層の前記材料の使用	0					
本願定義さた式のモノアリールアミン定義さた式のp-ドーパント含む材料本願さらに電子素子の有機の前記材料の使用と好ましく有機ダイオードＯＬＥＤである電子素子	0					
本出願Ｓ１とＴ１状態のエネルギーの僅かな差有する化合物含む発光有しある条件発光とアノードおよび発光の間の層のＨＯＭＯおよびＬＵＭＯエネルギー準位適用さ有機エレクトロルミネッセントＯＬＥＤ素子	0					
本出願式ＩＩＩまたはＩＩＩの化合物前記化合物電子素子好ましく有機電子素子使用するできる１	0					
本発明よれば少なくとも陽極正孔注入正孔輸送発光電子輸送及び陰極この順に有する有機ＥＬ素子前記正孔注入下記一般１表さアリールアミン化合物および電子アクセプター含有する特徴する有機ＥＬ素子提供さ本発明の有機ＥＬ素子従来と同等の低駆動電圧維持しながら従来高い発光効率優れた耐久性向上して	0					
本発明よれば少なくとも陽極正孔注入第一正孔輸送第二正孔輸送発光電子輸送および陰極この順に有する有機ＥＬ素子前記第二正孔輸送特定の構造有するアリールアミン化合含有し前記電子輸送特定の構造有するピリミジン誘導体含有する特徴する有機ＥＬ素子提供さ本発明の有機ＥＬ素子高効率低駆動電圧であってより長寿命の有機ＥＬ素子である	0					
本発明よれば少なくとも陽極正孔輸送発光電子輸送及び陰極この順に有する有機ＥＬ素子前記正孔輸送下記一般１表さアリールアミン化合含有する特徴する有機ＥＬ素子提供さ本発明の有機ＥＬ素子高効率低駆動電圧であって特に長寿命である	0					
本発明よれば少なくとも陽極第一正孔輸送第二正孔輸送発光電子輸送および陰極この順に有する有機ＥＬ素子前記第二正孔輸送下記一般１表さアリールアミン化合含有し前記電子輸送下記一般２表さピリミジン誘導体含有する特徴する有機ＥＬ素子提供さ本発明の有機ＥＬ素子高効率低駆動電圧であり特に長寿命である	0					
本発明よれば陽極正孔輸送発光電子輸送及び陰極この順に有する有機エレクトロルミネッセンス素子前記正孔輸送特定のアリールアミン化合含有し前記発光特定のインデノインドール誘導体または特定のカルバゾール誘導体含有する特徴する有機エレクトロルミネッセンス素子提供さ本発明の有機ＥＬ素子従来の有機ＥＬ素子比べて正孔輸送発光の正孔輸送効率向上し電子輸送発光の電子輸送効率向上する	0					
本発明の課題ホスト化合物及びドーパントの励起状態の安定性優れ素子駆動寿命向上した有機エレクトロルミネッセンス素子提供するである当該有機エレクトロルミネッセンス素子一対の電極と前記一対の電極有機具備さた有機エレクトロルミネッセンス素子であって前記発光熱活性化遅延蛍光発光のホスト化合とリン光発光金属錯体ドーパント含有し前記ホスト化合の前記リン光発光金属錯体ドーパントの一重項エネルギー移動効率１０〜１００の範囲である特徴する	0					
本発明の課題リン光寿命の短寿命達成し高寿命な有機エレクトロルミネッセンス素子提供するであるまた当該素子具備さた照明装置及び表示装置提供するである本発明のエレクトロルミネッセンス陽極と陰極の間発光有し当該発光ドーパント少なくとも２の金属化合含有する有機エレクトロルミネッセンス素子であって当該金属化合の少なくとも１リン光発光金属錯体Ｄ１であり少なくとも１非発光金属化合物Ｄ２であり当該非発光金属化合構成する金属の原子番号前記リン光発光金属錯体の中心金属の原子番号大きい特徴する	0					
本発明の課題経済ダークスポット耐性発光効率発光輝度及び発光寿命優れた有機ＥＬ素子の製造方法提供するである本発明の有機ＥＬ素子の製造方法ガスバリアーと有機ユニット有しガスバリアー炭素ケイ素及び酸素含有し層厚方向組成連続的変化し炭素分布曲線極値有し炭素原子比率の最大と最小の極値の差５ａｔ全層厚の９０の領域ケイ素二の含有量有機の形成の最も高い沸点有する溶媒含む有機形成した陰極形成するまでの間有機の形成用いる最も沸点高い溶媒の沸点−１０フィルム基のガラス転移温度＋２０一括加熱処理する又は各有機形成する有機の溶媒の沸点−１０フィルム基のガラス転移温度＋２０逐次加熱処理する特徴する	0					
本発明の課題高い発光効率有し高輝度発光さたの寿命改善さた有機エレクトロルミネッセンス素子提供するである本発明の有機エレクトロルミネッセンス素子陽極と陰極の間発光含む有機挟持さた有機エレクトロルミネッセンス素子であって前記発光ホスト化合物及び下記一般１表さリン光ドーパント含有し該発光の該リン光ドーパントの含有量該ホスト化合の含有量８〜３５体積の範囲である特徴する１	0					
本発明の課題高発光効率かつ高寿命発光できる有機エレクトロルミネッセンス素子及び有機材料組成提供するである本発明の有機エレクトロルミネッセンス素子陽極陰極及び当該陰極と当該陽極の間備えた一つ又は複数の有機機能含む有機エレクトロルミネッセンス素子であって前記有機機能リン光発光金属錯体及び蛍光発光化合物含有し当該リン光発光金属錯体特定の一般表さ構造有する化合物でありかつ当該リン光発光金属錯体特定の式満たすコア・シェルドーパントである特徴する	0					
本発明の課題高発光効率長寿命の有機エレクトロルミネッセンス素子であって特に演色性優れ低駆動電圧色度安定した白色発光の有機エレクトロルミネッセンス素子提供するである本発明の有機エレクトロルミネッセンス素子基板一対の電極と発光含む少なくとも２の有機機能有する有機エレクトロルミネッセンス素子であって該発光ホスト化合物及びリン光発光ドーパント含有し該発光又はその隣接量子ドット含有して特徴する	0					
本発明の課題高発光効率長寿命の有機エレクトロルミネッセンス素子及びその製造方法提供するであって特に演色性優れ低駆動電圧色度安定した白色発光の有機エレクトロルミネッセンス素子及びその製造方法提供するである本発明の有機エレクトロルミネッセンス素子少なくとも陽極正孔輸送リン光発光化合物含有する発光電子輸送及び陰極有する有機エレクトロルミネッセンス素子であって該発光発光波長４１３〜４７７ｎｍの範囲ある量子ドットとリン光スペクトル０−０遷移バンド帰属さ発光波長４１３〜４５９ｎｍの範囲あるホスト化合含有する特徴する	0					
本発明の課題色変動小さい有機ＥＬ素子提供するである本発明の有機ＥＬ素子１一対の陽極４及び陰極１４陽極４少なくとも１なる第１発光８少なくとも１なる第２発光１０と積層さ第２発光１０含有さ発光ドーパントの体積濃度第１発光８含有さ発光ドーパントの体積濃度高い特徴する	0					
本発明の課題発光効率高く駆動電圧及び安定性優れた有機エレクトロルミネッセンス素子当該有機エレクトロルミネッセンス素子具備して表示装置及び照明装置提供するである本発明の有機エレクトロルミネッセンス素子陽極と陰極の間少なくとも電子注入電子輸送及び発光有する有機エレクトロルミネッセンス素子であって前記電子注入エレクトライド含有し前記電子輸送窒素原子有する有機化合含有し前記窒素原子の少なくとも一つ芳香関与しない非共有電子対有しかつ当該非共有電子対金属配してない特徴する	0					
本発明の課題発光効率高く耐久性優れた有機ＥＬ素子提供するであるまた当該有機ＥＬ素子適用可能な青色発光ドーパント組み合わせて使用するできる有機ＥＬ素子材料提供するである本発明の有機エレクトロルミネッセンス素子陽極と陰極挟また少なくとも発光含む有機有する有機エレクトロルミネッセンス素子であって前記有機の少なくとも１一般Ｉ表さ構造有する化合物含有して特徴する１	0					
本発明の課題発光効率高く低駆動電圧及び長寿命でありかつ駆動の電圧上昇小さくさらに経時安定性優れた有機エレクトロルミネッセンス素子提供するである本発明の有機エレクトロルミネッセンス素子少なくとも一対の陽極と陰極の間発光含む有機有する有機エレクトロルミネッセンス素子であって前記有機下記一般１表さ構造有する化合物含有する特徴する１	0					
本発明の課題発光波長異なる複数の発光ドーパント有し白色発光呈する有機エレクトロルミネッセンス素子長寿命低電圧駆動色度安定性優れかつダークスポット少ない白色発光有機エレクトロルミネッセンス素子とそれ用いた照明装置及び表示装置提供するである本発明の有機エレクトロルミネッセンス素子陽極と陰極の間少なくとも１の発光挟持さてなる有機エレクトロルミネッセンス素子であってエレクトロルミネッセンスの強度減衰フォトルミネッセンスの強度減衰の比ΔＰＬ／ΔＥＬ定義さ発光寄与０．３１．０である特徴する	0					
本発明の実施形態組成少なくとも元素Ｄ元素Ａ１元素ＡＸ元素ＳＸ及び元素ＮＸ含みここＤＭｎＣｅＰｒＮｄＳｍＥｕＴｂＤｙＨｏＥｒＴｍ及びＹｂの群なる１つ２つ又はそれの元素表しＡ１Ｄ含まない二金属の群なる１つ２つ又はそれの元素表しＳＸ四金属の群なる１つ２つ又はそれの元素表しＡＸ三金属の群なる１つ２つ又はそれの元素表しＮＸＯＮＳＣＣｌＦの群なる１つ２つ又はそれの元素表す及びＳｒＳｒaＣａ1-aＳｉ2Ａｌ2Ｎ6同じ結晶構造示す無機物質含む蛍光体記述する	0					
本発明の主題アリールアミノ化合とその電子素子たとえば有機エレクトロルミッセンス素子の使用である本発明のなる主題一の前記化合たとえば素子の対応する機能正孔輸送材料含む電子素子であるまた本発明の主題前記化合の製造方法と一の前記化合含む調合である	0					
本発明の有機ＥＬ素子一対の電極２，４発光３３備え発光ホスト材料と蛍光ドーパント材料と有するホスト材料のＳ１エネルギー蛍光ドーパント材料のＳ１エネルギー高くかつホスト材料のＳ１エネルギーと蛍光ドーパント材料のＳ１エネルギーの差０．５ｅｖであるホスト材料Ｓ１エネルギーとＴ１エネルギーの差０．２４ｅＶであり所定の化合物含む当該ホスト化合物室温逆項間交差エネルギー遷移生じる高い発光効率実現できる	0					
本発明の有機ＥＬ素子一対の電極発光備える発光ホスト材料及び蛍光ドーパント材料有し発光蛍光ドーパント材料の含有量発光全体の質量の４９であるドーパント材料Ｓ1エネルギーとＴ1エネルギーの差０．２４ｅＶであって下記一般I表さシアノピリジン化合である一般IＲ1〜Ｒ5の少なくとも１つシアノ基でありＲ1〜Ｒ5の少なくとも１つ水素原子シアノ基ない置換基である	0					
本発明の有機ＥＬ素子陽極正孔輸送発光電子輸送及び陰極この順有して前記正孔輸送下記一般１表さインデノアクリダン誘導体含有し前記発光Ｎ−芳香置換インデノインドール化合物及び／またはＮ−芳香置換カルバゾール化合含有して特徴する１１Ａ１２の芳香族炭化水素基２の芳香複素環基または単結合示しＢ１の芳香族炭化水素基；１の芳香複素環基；または置換基１の芳香族炭化水素基１の芳香複素環基もしくはジ置換アミノ基；示しＲ１〜Ｒ１４水素原子或いはアルキル基等である	0					
本発明の有機ＥＬ素子陽極正孔輸送発光電子輸送及び陰極この順有して前記正孔輸送下記一般１表さインデノアクリダン誘導体含有し前記発光Ｎ−芳香置換インデノインドール化合物及び／またはＮ−芳香置換カルバゾール化合含有して特徴する１１Ａ１２の芳香族炭化水素基２の芳香複素環基または単結合示しＢ１の芳香族炭化水素基；１の芳香複素環基；または置換基１の芳香族炭化水素基１の芳香複素環基もしくはジ置換アミノ基；示しＲ１〜Ｒ１４水素原子或いはアルキル基等である	0					
本発明の有機エレクトロルミネッセンスデバイスデバイスの発光領域リン光ホスト物質のビスカルバゾール誘導体化合と赤色リン光ドーパント物質の有機リン光物質の新規な組み合わせ利用してそのビスカルバゾール誘導体化合物式１表さ赤色リン光ドーパント物質式Ｄ１Ｄ２及びＤ３表さ部分化学構造のの一つ表さ置換さた化学構造有するリン光有機金属錯体である	0					
本発明iアルカリ金属アルカリ土類金属希土類金属および遷移金属選択さ実質的元素形態である陽性元素ならびにiiホスフィンオキシド基またはジアゾール基選択さ少なくとも１つの極性基有して少なくとも１種類の第１化合含む半導体材料本発明また上記半導体材料製造する方法本発明さらにカソードアノードおよび上記半導体材料備えて電子デバイス	0					
本発明ｎ−ドーパント１の金属元素と１のホスフィンオキシド基含む１の電子輸送母材化合含む電子にドープさた半導体材料その合成方法及び前記電子にドープさた半導体材料含む電子デバイス	0					
本発明アノードカソードアノードとカソードの間の少なくとも一つの発光ホスト材料モノトリアリールアミン含む少なくとも一つのp-ドープＡおよびモノトリアリールアミン含む少なくとも一つの層Ｂ含む電子素子本発明さらにホスト材料式ＩＩ式ＩＩＩまたは式ＩＶのモノトリアリールアミンとドーパント電子受容化合物含むp-ドープ混合その混合の電子素子の使用	0					
本発明トリフェニレン誘導体の特に有機エレクトロルミッセンス素子の三重項マトリックス材料の使用本発明さらに本発明の化合物の製造方法とそれら含む電子素子	0					
本発明化合物組成およびこれら含んでなる調合さらに本発明係る化合物および組成含んでなる光電子素子	0					
本発明式１および２の化合物ならびにこれらの化合物発光ホスト材料もしくはドーパントおよび／または正孔輸送材料および／または電子輸送材料使用さ有機エレクトロルミネッセンス素子特に青色発光素子である	0					
本発明式１示さ化合物およびその重合体提供する式Ｒ１および各Ｒ２それぞれ独立水素原子置換基有してアルキル基置換基有してアリール基置換基有してヘテロアリール基または−ＣＯ−Ｒ前記Ｒ置換基有してアルキル基置換基有してアリール基または置換基有してヘテロアリール基表すであり環Ａ環Ｂおよび環Ｃそれぞれ独立置換基有して５または６の芳香複素環でありｎ１〜４の整数である	0					
本発明式１の化合物およびこれらの化合物発光ホスト材料もしくはドーパントおよび／または正孔輸送材料および／または電子輸送材料使用さ有機エレクトロルミネッセンス素子特に青色発光素子である	0					
本発明式Ｉの複素環芳香環化合機能性材料特に電子輸送材料および発光化合ののマトリックス材料含む電子素子１	0					
本発明少なくとも２の電子受容少なくとも２の電子供与置換さたフェニル誘導体化合式ＩＲＡａＲＤｂＲＳｃＣ４でありここａ２３または４であり；ｂ２３または４であり；ｃ０１または２でありａ＋ｂ＋ｃ＝６であり；ＲＡ出現独立して−Ｍ-効果持つ基であり；ＲＤ出現独立して＋Ｍ-効果持つ基であり；ＲＳ請求項１定義さである前記化合物有機電子素子特に有機エレクトロルミッセンス素子の使用の適して	0					
本発明少なくとも一つの燐光ドーパントと式１または２のの少なくとも一つの化合物含む混合とその電子素子特に有機エレクトロルミッセンス素子の使用	0					
本発明電子供与電子受容と立体的かさ高い基置換さた６環構造有する式Ｉ新規な化合前記化合物有機電子素子特に有機エレクトロルミッセンス素子ＯＬＥＤの使用の適して式ＩＱ１Ｑ２互いに独立してＮＣＲＡＣＲＤおよびＣＲＳ成る基選ば；Ｚ１とＺ２互いに独立してＮＣＲＡおよびＣＲＤ成る基選ば；ＲＡ−Ｍ-効果持つ基であり；ＲＤ＋Ｍ-効果持つ基であり；およびＲＳ立体的かさ高い基であるがただし一般Ｉの化合物少なくとも一つの基ＣＲＡ少なくとも一つの基ＣＲＤと含む１	0					
本発明電子素子定義さた組成含むその発光本発明さらに電子素子のディスプレーまたは照明の使用	0					
本発明電子素子特に有機エレクトロルミッセンス素子の使用適する式１の化合物	0					
本発明電子素子特別有機エレクトロルミッセンス素子の使用適する式１の化合物	0					
本発明電子素子特別有機エレクトロルミッセンス素子の使用適する式１の化合物	0					
本発明電子輸送および／または電子注入および／またはｎ型電荷発生である有機半導であって式１示す化合少なくとも１つ備えて有機半導１Ｒ１およびＲ２Ｃ１〜Ｃ１６アルキルそれぞれ個別に選択さ；Ａｒ１Ｃ６〜Ｃ１４アリーレンまたはＣ３〜Ｃ１２ヘテロアリーレン選択さ；Ａｒ２Ｃ１４〜Ｃ４０アリーレンまたはＣ８〜Ｃ４０ヘテロアリーレン個別に選択さ；Ｒ３ＨＣ１〜Ｃ１２アルキルまたはＣ１０〜Ｃ２０アリール個別に選択さ；Ａｒ１Ａｒ２およびＲ３それぞれ個別に置換さてなくてまたはＣ１〜Ｃ１２アルキ基alkygroupの少なくとも１つ置換さてよく；ｎ０または１であり；ｎ０の場合ｍ１であり；ｎ１の場合ｍ１または２であるまた本発明上記有機半導含まホスフィンオキシド化合とそのな層および化合含む有機ＥＬデバイスと関する	0					
本発明特に有機エレクトロルミッセンス素子の三重項マトリックス材料の使用ののカルバゾール誘導体本発明さらに本発明の化合物の製造方法とそれ含む電子素子	0					
本発明特に有機発光素子の三重項マトリックス材料の使用のの電子不足ヘテロアリール基置換さたカルバゾールジベンゾフランジベンゾチオフェンおよびフルオレン誘導体本発明さらに本発明化合物の製造方法とそれ含む電子素子	0					
本発明特に発光と電子輸送の界面の化学安定性向上さ長期良好かつ安定した発光効率の維持期待できる有機発光素子提供するそのため本発明の一態様基板１０の片面陽極２ホール注入３バッファ４発光５規制６電子輸送７陰極８順次積層して有機ＥＬ素子１構成する規制６発光５及び電子輸送７の両方化学安定性有するＮａＦ構成し電子輸送７ともに有機材料なるホスト材料及びｎドーパント材料用いたＣＴ錯体構成する	0					
本発明発光効率改善し駆動安定性充分に確保しかつ簡略な構成もつ有機電界発光素子有機ＥＬ素子開示する本発明の有機ＥＬ素子基板積層さた陽極と陰極の間発光素子材料含む有機有し該発光素子用材カルボラン化合なるこのカルボラン化合物芳香基介して結合するカルボラン環３有しジベンゾチオフェン環１有し少なくとも１つのジベンゾチオフェン環カルボラン環結合する分岐カルボラン化合である	0					
本発明有機機能材料の混合物含む電子デバイスの組成および配合	0					
本発明有機発光ダイオード上記有機発光ダイオード発光と少なくとも２つの電子伝達備えて電子伝達の積層と備えて第１の電子伝達および第２の電子伝達少なくとも１つのマトリクス化合含んで上記第１の電子伝達の上記マトリクス化合物上記第２の電子伝達の上記マトリクス化合異なるである上記第１の電子伝達ハロゲンリチウムおよび／またはリチウム有機複合であるドーパント含んで上記第２の電子伝達ドーパント含んでない	0					
本明細書正孔輸送材料典型的共役ポリマーとフルオロポリマーと含む組成正孔輸送材料とフルオロポリマーと含むインク組成及び例えば有機電子デバイスその使用記載さ	0					
優れた性能示す有機ＥＬ素子及び当該有機ＥＬ素子備える電子機器提供する陰極と陽極と該陰極と陽極の間存在する有機有する有機ＥＬ素子であって該有蛍光発光含む１又は複数の層有し該蛍発光下記Ｐ表さ第１の化合物及び該第１の化合と同一ない第２の化合物含む有機ＥＬ素子該有ＥＬ素子備えた電子機器上記π１π２ＺＲＢＲＣｍｎ明細書中定義したである	0					
優れた電子及び正孔注入輸送示し適切な最低一重項励起エネルギー及び最低三重項励起エネルギー有する有機電界発光素子材料とこれ使用した有機ＥＬ素子提供する一般１表さ複素環化合なる特徴する有機電界発光素子用材１ここＲ１炭素数６〜３０の芳香族炭化水素基炭素数３〜２２の芳香複素環基これらの芳香環２〜６連結してなる連結芳香基アルキル基又はアルコキシ基でありＲ２〜Ｒ５炭素数６〜３０の芳香族炭化水素基ヘテロ原子酸素又は硫黄のみ含む炭素数３〜２２の芳香複素環基これらの芳香環２〜６連結してなる連結芳香基アルキル基又はアルコキシ基でありabcd０〜２の整数である	0					
有機ＥＬ素子１００１対の電極２８１対の電極２８形成さた３構造の有機化合物２０と有し有機化合物２０少なくともウェットプロセス形成さた正孔輸送４発光５と含ま正孔輸送４一定の部分構造含みかつ重量平均分子量ポリスチレン換算５００００〜２０００００である高分子化合と少なくとも１つのカルバゾール基有する分子量５０００の低分子化合含有さて	0					
有機ＥＬ素子１０１陽極陰極および複数の発光備え前記複数の発光前記陽極前記陰極の間配置さて有機ＥＬ素子１０１前記複数の発光蛍光発光少なくとも２のリン光発光有し前記蛍光発光前記リン光発光の前記蛍光発光前記陽極配置さ前記リン光発光の各層リン光発光ドーパントとホスト化合それぞれ含有さ前記リン光発光の発光波長最も長いリン光発光含有量その層の主たるリン光発光ドーパント多くかつ最低励起三重項エネルギーＴ１がその層の主たるリン光発光ドーパントのＴ１大きくてホスト化合のＴ１小さいリン光発光の金属錯体含有さて	0					
有機エレクトロルミネッセンスデバイスそのデバイスの発光領域緑色リン光ドーパント物質組み合わせてリン光ホスト物質１つのビスカルバゾール誘導体化合含む新規な組み合わせ用いてそのビスカルバゾール誘導体化合物式１Ａ又は１Ｂ表さ式Ａ１１〜３０の環炭素原子有する置換又は非置換の窒素含有ヘテロ環基表し；Ａ２６〜３０の環炭素原子有する置換又は非置換の芳香族炭化水素基あるいは１〜３０の環炭素原子有する置換又は非置換の窒素含有ヘテロ環基表し；Ｘ１及びＸ２それぞれ連結基であり；Ｙ１〜Ｙ４それぞれ置換基表し；ｐ及びｑ１〜４の整数表し；ｒ及びｓ１〜３の整数表し；緑色リン光ドーパント物質ＬＬＬＭ表さ化学構造有するリン光有機金属錯体であって式Ｍ八面体オクタヘドラル錯体形成する金属でありＬＬ及びＬ同じか又は異なる二座配位子でありＬＬ及びＬのそれぞれｓｐ２混成炭素及びＮ介してＭ配した置換又は非置換のフェニルピリジン配位子含みＬＬ及びＬの１つその他の２つのの少なくとも１つ異なる	0					
有機エレクトロルミネッセンス素子少なくとも１の発光有し発光ホスト化合と構造式Ｌ１Ｌ２Ｌ３ＭＬ１〜Ｌ３二座配位子表しＭ中心金属表す表さドーパント含有さドーパントの配位子Ｌ１〜Ｌ３の少なくとも任意選択した２つ異なって発光のホスト化合のＬＵＭＯＨ準位とドーパントの配位子Ｌ１〜Ｌ３の最も低いＬＵＭＯＬｍｉｎ準位と発光の陰極隣接の構成材料のＬＵＭＯＣ準位の関係条件ｉおよびii満たす特徴する０<ＬＵＭＯＬｍｉｎ−ＬＵＭＯＨ≦０．５ｅＶ・・・ｉＬＵＭＯＨ−０．５ｅＶ<ＬＵＭＯＣ<ＬＵＭＯＬｍｉｎ・・・ii	0					
陽極２陰極９の間少なくとも４の有機機能２０有する有機ＥＬ素子１００開示さて有機ＥＬ素子１００有機機能２０塗布成膜さ有機機能２０４のの２正孔輸送４および発光６であり正孔輸送４発光６の間正孔輸送４構成する材料発光６構成する材料の両方含む５〜１５ｎｍの混合領域５有し発光６リン光ドーパント１含ま発光６含まリン光ドーパントの最も短波の発光有するの発光強度のピーク５００ｎｍの範囲存在する	0					
陽極陰極及び発光有する有機エレクトロルミネッセンス素子であって発光含有する発光ドーパントの基底状態Ｓ０最低励起三重項状態Ｔ１の間の電子遷移の再配向エネルギー０ｅＶ〜０．７ｅＶでありかつ発光含有するホスト化合の基底状態Ｓ０アニオンラジカルＡＲの間の電子移動反応の再配向エネルギー０ｅＶ〜０．３ｅＶでありかつホスト化合の分子量５００〜３０００の範囲である	0					
陽極陰極向かって発光第１電子輸送及び第２電子輸送含み第１電子輸送式１の化合物含み第２電子輸送式２の化合物含む有機エレクトロルミネッセンス素子良好な有機エレクトロルミネッセンス素子性能示す式ＡＬＡｒｎ及びＸ１〜Ｘ６明細書定義した	0					
陽極と陰極の間少なくとも１つの発光有する有機エレクトロルミネッセンス素子下記一般I表さ６座配オルトメタルイリジウム錯体含有する１一般IＶ三の連結基表しＬ１〜Ｌ３と共有結合連結してＬ１〜Ｌ３各々一般II表さ但しＬ１〜Ｌ３の全て互いに異なる構造である又はＬ１〜Ｌ３の何れ一つ異なる構造である	0					
陽極と陰極の間少なくとも発光備え前記発光第一ホスト材料と第二ホスト材料と燐光発光ドーパント材料と含み前記第一ホスト材料下記一般１表さ化合であり前記第二ホスト材料下記一般３表さ化合である特徴する有機エレクトロルミネッセンス素子	0					
陽極と陰極の間少なくとも発光備える有機エレクトロルミネッセンス素子であって前記発光第一ホスト材料と第二ホスト材料と燐光発光ドーパント材料含み前記第一ホスト材料下記一般１表さ化合であり前記第二ホスト材料下記一般２表さ化合である特徴する有機エレクトロルミネッセンス素子	0					
陽極と陰極挟また少なくとも１の発光と該発光の陽極隣接した隣接含む複数の有機有する有機エレクトロルミネッセンス素子該発光の少なくとも１溶液の発光スペクトル最も短波ある発光極大波長４７０ｎｍ且つＨＯＭＯ−４．５０〜−５．５０ｅＶのリン光発光ドーパント少なくとも１含有し該隣接下記一般１表さ非金属錯体化合であってＨＯＭＯ−４．５０〜−５．１０ｅＶである化合物含有する特徴する有機エレクトロルミネッセンス素子	0					
陽極と陰極挟また少なくとも１の発光含む有機エレクトロルミネッセンス素子該発光の少なくとも１少なくとも１の発光ドーパント少なくとも１のホスト含有し該発光ドーパントの少なくとも１発光極大波長４７０ｎｍ且つＨＯＭＯ−４．５０〜−５．５０ｅＶであるリン光発光ドーパントであり該ホストの少なくとも１下記一般１表さ化合物または特定の化合物であってＨＯＭＯ−４．６０〜−５．１０ｅＶである化合物含有する特徴する有機エレクトロルミネッセンス素子	0					
陽極と陰極の間正孔注入ＨＩ正孔輸送ＨＴ１第２正孔輸送ＨＴ２ホスト化合物Ｈリン光発光ドーパントＤ化合物含有する発光の順積層さ有機エレクトロルミネッセンス素子であってリン光発光ドーパント化合物一般１表さ部分構造有し第２正孔輸送の最高占有分子軌道ＨＯＭＯ−５．４<ＨＯＭＯＨＴ２<−４．８でありリン光発光ドーパント化合と第２正孔輸送含有する正孔輸送材料の励起３項エネルギーＴ１の関係Ｔ１ＨＴ２−Ｔ１Ｄ>０．１である１	0					
陽極及び陰極と前記陽極前記陰極の間少なくとも発光存在する有機エレクトロルミネッセンス素子であって前記発光主成分の第一ホスト材料と第二ホスト材料と燐光発光ドーパント材料含み前記第一ホスト材料下記一般１表さ化合であり前記第二ホスト材料下記一般２表さ化合である特徴する有機エレクトロルミネッセンス素子	0					
例えば下記示さなアニリン誘導体有機溶媒溶解良好であるこれら電荷輸送物質含む薄膜正孔注入適用した場合優れた輝度特性有する有機ＥＬ素子得るできる	0					
例えば下記示さなアニリン誘導体有機溶媒溶解良好であるこれら電荷輸送物質含む薄膜正孔注入適用した場合優れた輝度特性有する有機ＥＬ素子得るできる	0					
例えば下記示さなアニリン誘導体有機溶媒溶解良好であるこれら電荷輸送物質含む薄膜正孔注入適用した場合優れた輝度特性有する有機ＥＬ素子得るできる	0					
例えば下記示さなアニリン誘導体有機溶媒溶解良好であるこれら電荷輸送物質含む薄膜正孔注入適用した場合優れた輝度特性有する有機ＥＬ素子得るできる式ＤＰＡジフェニルアミノ基表す	0					
例えば下記示さなアニリン誘導体有機溶媒溶解良好であるこれら電荷輸送物質含む薄膜正孔注入適用した場合優れた輝度特性有する有機ＥＬ素子得るできる式ＤＰＡジフェニルアミノ基表す	0					
例えば下記示さなアニリン誘導体有機溶媒溶解良好であるこれら電荷輸送物質含む薄膜正孔注入適用した場合優れた寿命特性有する有機ＥＬ素子得るできる	0					
例えば効率的ＴＴＦ現象利用して発光効率高めた有機ＥＬ素子提供する課題する例えば有機電界発光素子発光と電子輸送の間の発光補助設けこの発光補助フルオレンの２のベンゼン環ののいずれ１〜３のベンゼン環縮合した環縮フルオレン化合物および／またはフルオレン化合物例えば下記１〜３表さベンゾフルオレン化合物またはフルオレン化合物形成して発光効率高めた有機ＥＬ素子提供する９４各式Ｒ１およびＲ２置換さててアリールまたは置換さててフェニルもしくは縮合環アリールなどでありそしてＲ３およびＲ４置換さててアルキルまたは置換さててアリールなどである	0					
高効率高耐久性の有機ＥＬ素子の材料正孔の注入・輸送性能電子阻止能力薄膜状態の安定性や耐久性優れた有機ＥＬ素子の材料提供しさらに該材および正孔および電子の注入・輸送性能電子阻止能力薄膜状態の安定性や耐久性優れた有機エレクトロルミネッセンス素子の各種材料それぞれの材料有する特性効果的発現できるに組み合わせるで高効率低駆動電圧長寿命の有機エレクトロルミネッセンス素子提供する解決手段少なくとも陽極正孔輸送発光電子輸送及び陰極この順に有する有機エレクトロルミネッセンス素子前記正孔輸送下記一般１表さアリールアミン化合含有する特徴する有機エレクトロルミネッセンス素子１選択なし	0					
高効率高耐久性の有機ＥＬ素子の材料正孔の注入・輸送性能電子阻止能力薄膜状態の安定性や耐久性優れた有機ＥＬ素子の材料提供しさらに該材および正孔および電子の注入・輸送性能電子阻止能力薄膜状態の安定性耐久性優れた有機ＥＬ素子の各種材料それぞれの材料有する特性効果的発現できるに組み合わせるで高効率低駆動電圧長寿命の有機ＥＬ素子提供する解決手段少なくとも陽極正孔輸送発光電子輸送及び陰極この順に有する有機エレクトロルミネッセンス素子前記正孔輸送下記一般１表さカルバゾール化合含有し前記発光青色発光ドーパント含有する特徴する有機エレクトロルミネッセンス素子１	0					
高効率高耐久性の有機エレクトロルミネッセンス素子の材料正孔の注入・輸送性能電子阻止能力薄膜状態の安定性や耐久性優れた有機エレクトロルミネッセンス素子の材料提供しさらに該材および正孔および電子の注入・輸送性能電子阻止能力薄膜状態の安定性や耐久性優れた有機エレクトロルミネッセンス素子の各種材料それぞれの材料有する特性効果的発現できるに組み合わせるで高効率低駆動電圧長寿命の有機エレクトロルミネッセンス素子提供する解決手段少なくとも陽極正孔輸送発光電子輸送および陰極この順に有する有機エレクトロルミネッセンス素子前記正孔輸送下記一般１表さアリールアミン化合含有する特徴する有機エレクトロルミネッセンス素子１	0					
高発光効率高耐久性の有機エレクトロルミネッセンス素子の材料正孔および電子の注入・輸送性能電子阻止能力薄膜状態の安定性や耐久性優れた有機エレクトロルミネッセンス素子の各種材料それぞれの材料有する特性効果的発現できるに組み合わせるで低駆動電圧高発光効率であってかつ長寿命の有機エレクトロルミネッセンス素子提供しさらに電子アクセプターのドーピング濃度および／または電子アクセプター含有する有機の膜厚制御する低駆動電圧の維持もしくは駆動電圧上昇効果的抑制さた有機エレクトロルミネッセンス素子提供する解決手段少なくとも陽極正孔注入正孔輸送発光電子輸送及び陰極この順に有する有機エレクトロルミネッセンス素子前記正孔注入下記一般１表さアリールアミン化合物および電子アクセプター含有する特徴する有機エレクトロルミネッセンス素子１式Ａｒ１〜Ａｒ４相互同一でも異なってよく置換もしくは無置換の芳香族炭化水素基置換もしくは無置換の芳香複素環基または置換もしくは無置換の縮合多環芳香基表す	0					
高発光効率高耐久性の有機エレクトロルミネッセンス素子の材料正孔および電子の注入・輸送性能電子阻止能力薄膜状態の安定性や耐久性優れた有機エレクトロルミネッセンス素子の各種材料それぞれの材料有する特性効果的発現できるに組み合わせるで低駆動電圧高発光効率であってかつ長寿命の有機エレクトロルミネッセンス素子提供する解決手段少なくとも陽極正孔注入正孔輸送発光電子輸送及び陰極この順に有する有機エレクトロルミネッセンス素子前記正孔注入下記一般１表さアリールアミン化合物および電子アクセプター含有する特徴する有機エレクトロルミネッセンス素子１式Ａｒ１〜Ａｒ４相互同一でも異なってよく置換もしくは無置換の芳香族炭化水素基置換もしくは無置換の芳香複素環基または置換もしくは無置換の縮合多環芳香基表す	0					
高発光効率高耐久性の有機エレクトロルミネッセンス素子の材料正孔および電子の注入・輸送性能電子阻止能力薄膜状態の安定性や耐久性優れた有機エレクトロルミネッセンス素子の各種材料それぞれの材料有する特性効果的発現できるに組み合わせるで低駆動電圧高発光効率であってかつ長寿命の有機エレクトロルミネッセンス素子提供する解決手段少なくとも陽極正孔注入第一正孔輸送第二正孔輸送発光電子輸送及び陰極この順に有する有機エレクトロルミネッセンス素子前記正孔注入下記一般１表さアリールアミン化合物および電子アクセプター含有する特徴する有機エレクトロルミネッセンス素子１式Ａｒ１〜Ａｒ４相互同一でも異なってよく置換もしくは無置換の芳香族炭化水素基置換もしくは無置換の芳香複素環基または置換もしくは無置換の縮合多環芳香基表す	0					
高発光効率高耐久性の有機エレクトロルミネッセンス素子の材料正孔および電子の注入・輸送性能電子阻止能力薄膜状態の安定性や耐久性優れた有機エレクトロルミネッセンス素子の各種材料それぞれの材料有する特性効果的発現できるに組み合わせるで低駆動電圧高発光効率であってかつ長寿命の有機エレクトロルミネッセンス素子提供する解決手段少なくとも陽極正孔注入第一正孔輸送第二正孔輸送発光電子輸送及び陰極この順に有する有機エレクトロルミネッセンス素子前記正孔注入下記一般１表さアリールアミン化合物および電子アクセプター含有する特徴する有機エレクトロルミネッセンス素子１式Ａｒ１〜Ａｒ４相互同一でも異なってよく置換もしくは無置換の芳香族炭化水素基置換もしくは無置換の芳香複素環基または置換もしくは無置換の縮合多環芳香基表す	0					
本発明の目的高効率高耐久性の有機エレクトロルミネッセンス素子の材料正孔および電子の注入・輸送性能電子阻止能力薄膜状態の安定性や耐久性優れた有機エレクトロルミネッセンス素子の各種材料それぞれの材料有する特性効果的発現できるに組み合わせるで高効率低駆動電圧長寿命の有機エレクトロルミネッセンス素子提供する解決手段少なくとも陽極正孔輸送発光電子輸送および陰極この順に有する有機エレクトロルミネッセンス素子前記正孔輸送下記一般１表さアリールアミン化合含有する有機エレクトロルミネッセンス素子１	0					
駆動電圧低く素子寿命長い有機ＥＬ素子提供する解決手段本開示陽極第一発光第二発光第三発光陰極この順有し前記第二発光前記第一発光および前記第三発光接して配置さ前記第一発光赤ドーパント材料有し前記第二発光青ドーパント材料有し前記第三発光緑ドーパント材料有する有機ＥＬ素子であって前記第一発光第一のホスト材料有し前記第二発光及び前記第三発光前記第一のホスト材料異なる第二のホスト材料有する特徴する有機ＥＬ素子提供する選択２	0					
特定の色発光する第一乃至第三発光有する発光のバランス優れ白色発光の変化小さい有機ＥＬ素子提供する解決手段本発明陽極と陰極と前記陽極前記陰極の間配置さて第一発光第二発光第三発光有し前記第一発光前記第二発光前記第三発光それぞれホスト材料と発光材料と有する有機ＥＬ素子であって前記第一発光赤色と緑色と発光する発光であり前記第二発光青色発光する発光であり前記第三発光緑色発光する発光である特徴する有機ＥＬ素子提供する選択１	0					
内部量子収率高める発光ドーパント材料燐光材料や熱活性化遅延蛍光材料用いた有機ＥＬ素子有用な正孔輸送材料およびそれ含む有機ＥＬ素子提供するである解決手段架橋トリフェニルアミン骨格有する特定の構造の正孔輸送材料とるするアリール基置換アリール基テロアリール基若しくは置換ヘテロアリール基：Ｑ含む好ましくＱの結合エネルギー２．６ｅＶ〜５．５ｅＶである好ましくそのＴ１エネルギー２．８０ｅＶである好ましい選択１	0					
有機エレクトロルミネッセンス素子の電子輸送材料正孔輸送材料及び発光ホスト材料用いるできる新規の有機エレクトロニクス素子材料提供する解決手段下記一般１：１式１ｎ５〜９ののいずれの整数示す表わさ環状芳香族化合物含有する特徴する有機エレクトロニクス素子用材選択なし	0					
有機溶媒高い溶解正孔注入電荷輸送ホスト物質高酸化さらに正孔輸送材料酸化兼ね備えた有機エレクトロルミネッセンス素子の電子受容ドーパント提供する解決手段ヘテロポリ酸化合なる有機エレクトロルミネッセンス素子の電子受容ドーパント選択なし	0					
２００下回る低温焼成可能であるそのな焼成条件下作製した薄膜高平坦かつ高電荷輸送有し有機ＥＬ素子適用した場合優れた輝度特性発揮さ電荷輸送ワニス提供する解決手段１表さオリゴチオフェン誘導体なる電荷輸送物質とドーパントと有機シラン化合と有機溶媒と含む特徴する電荷輸送ワニス式Ｒ1〜Ｒ8それぞれ独立水素アルキル基アルケニル基アルキニル基アリール基ヘテロアリール基−ＯＹ1基−ＳＹ2基−ＮＨＹ3基−ＮＹ4Ｙ5基又は−ＮＨＣ(Ｏ)Ｙ6基表しｎ1〜ｎ3それぞれ独立自然数表しかつ４≦ｎ1＋ｎ2＋ｎ3≦２０満たす選択なし	0					
９および１０置換さたアントラセンまたはアクリジン配位子含む発光材料ならびこれらの化合物含むデバイス提供する解決手段置換アントラセンまたはアクリジン配位子含む新規有機化合物提供さ特に化合物９および１０置換さたアントラセン配位子含む化合物改善さた効率および寿命提供する有機発光デバイス用いて特にこれらの化合物青色発光ＯＬＥＤ使用特に有益であり得る選択なし	0					
ｎ−ドーパント実質的空気安定な金属利用して効果的ｎ−ドープさた半導体材料提供する解決手段ｎ−ドーパント１の金属元素と１のホスフィンオキシド基含む１の電子輸送母材化合含む電子にドープさた半導体材料その合成方法及び電子にドープさた半導体材料含む電子デバイス選択なし	0					
ＯＬＥＤデバイスの使用適したリン光化合の提供解決手段Ｉ表わさヘテロレプティックイリジウム錯体含む化合物Ｒ２ＲｘＲａ及びＲｂモノジトリテトラ置換／無置換；Ｒ１１５．５／ｍｏｌの分子量有するアルキル又はシクロアルキル；ＸＣＲＲＳｉＲＲＣ＝ＯＮ−ＲＢ−ＲＯＳＳＯＳＯ２又ＳｅＲＲＲ２ＲｘＲａＲｂ及びＲｃＨＤハライドアルキルアミノアシル選択１	0					
ＯＬＥＤデバイスドーパント有用なヘテロレプティックイリジウム錯体の提供解決手段ＩＩ表さヘテロプティックイリジウム錯体含む化合物Ｒ１〜Ｒ６各々独立ＨＤシクロアルキル重水素シクロアルキルアルキル又は重水素アルキル；Ｒ１〜Ｒ６の少なくとも１つシクロアルキル重水素シクロアルキルアルキル又は重水素アルキル；Ｒ及びＲモノ−ジ−トリ−又はテトラ置換ＨＤハロゲンアルキルアリール選択なし	0					
ＯＬＥＤデバイス組み込む適した燐光ヘテロレプティックイリジウム錯体提供する解決手段フェニルピリジン及びジベンゾ含有配位子もつ新規な燐光ヘテロレプティックイリジウム錯体提供するその配位子の特定の位置のアルキル置換向上したＯＬＥＤ特性もつ化合物もたらしそれ飽和緑色発光含ま例えば化合物５３１５７及び１５８選択３	0					
ＯＬＥＤデバイス有用な物質提供する解決手段新規なヘテロレプティックイリジウム錯体開示するこれらの錯体フェニルピリジン配位子とイミダゾール又はベンゾイミダゾール部分結合したジベンゾフランジベンゾチオフェンジベンゾセレノフェン又はカルバゾール含む別の配位子含むこれらの錯体ＯＬＥＤデバイス組み込んだ場合有用な物質である選択３	0					
ＯＬＥＤデバイス有用な物質提供する解決手段新規なヘテロレプティックイリジウム錯体開示するこれらの錯体フェニルピリジン配位子とイミダゾール又はベンゾイミダゾール部分結合したジベンゾフランジベンゾチオフェンジベンゾセレノフェン又はカルバゾール含む別の配位子含むこれらの錯体ＯＬＥＤデバイス組み込んだ場合有用な物質である選択３	0					
ＯＬＥＤデバイス用いた有益な性質与える新規なヘテロレプティックイリジウム錯体提供する解決手段ＩＩ表わさ構造有するヘテロレプティックイリジウム錯体含む化合物および該化合用いるＯＥＬＤデバイスＲ１〜Ｒ６各々独立ＨＤシクロアルキル重水素シクロアルキルアルキル又は重水素アルキル；少なくとも１つＨ及びＤでない置換基；Ｒ及びＲモノジトリ又はテトラ置換ＨＤアルキルシクロアルキル選択なし	0					
ＯＬＥＤ発光体有用な新規なヘテロレプティックイリジウムカルベン錯体の提供解決手段下記の式Ｉ有するヘテロレプティックイリジウム錯体含む化合物式Ｒ３、４及びＲ１０モノ〜テトラ置換又は無置換表し；Ｒ７ハライドアルキル；Ｒ１、３、４、５、６、８、９及びＲ１０それぞれ独立してＨハライドアルキル；Ｒ５及びＲ９それぞれ１５．５／ｍｏｌの分子量有し；任意の２つの隣接する置換基結合して環形成しててよく更に置換さててよく；ｎ１又は２選択なし	0					
ＯＬＥＤ有利に用いるできる２−アザトリフェニレン含有化合提供する解決手段２−アザトリフェニレン含む化合物提供する特に追加の芳香基有する２−アザトリフェニレン核含む化合物提供する提供した化合物発光又は非発光物質ありこの化合物有機発光ダイオード特にホスト物質正孔阻止物質又は発光ドーパント用いるできる２−アザトリフェニレン含む化合物含むデバイス向上した安定性と効率示し選択３	0					
ＯＬＥＤの準備の用い真空蒸着基板到達する材料５０少なかった解決手段有機発光ダイオードＯＬＥＤ準備するの熱転写フィルム１およびその準備方法明らかさた塗布耐熱２０および機能３０それぞれベース１０配置さ転写４０機能３０覆って配置さ熱プリントヘッドＴＰＨ転写加熱さ基板転写さ真空蒸着比べて熱転写フィルムおよびその準備方法低い材料効率課題解決する選択１	0					
イソキノリン環少なくとも２の置換基有する２−フェニルイソキノリン配位子含有する新規のリン光金属錯体提供さ解決手段開示の化合物精製および種々のＯＬＥＤデバイスの作製容易するできる低い昇華温度有する選択３	0					
キノリン環少なくとも２の置換基含む２−フェニルキノリン配位子含む新規の燐光金属錯体提供する解決手段開示さた化合物精製容易しおよび様々なＯＬＥＤ素子の作製可能する低い昇華温度有する選択３	0					
デバイス性能改善する電荷輸送有効な新規有機化合物解決手段I表さ化合物Ｇ１置換／非置換トリフェニレンアザ−トリフェニレン；Ｇ２及びＧ３置換／非置換ベンゼンビフェニルターフェニルジベンゾフランジベンゾチオフェンジベンゾセレノフェンナフタレンフェナントレンピリジンピリミジンアザ−ジベンゾチオフェンアザ−ジベンゾフランアザ−ジベンゾセレノフェンイソキノリンキナゾリン；Ｌ１〜Ｌ３直接結合置換／非置換ベンゼンビフェニルピリジンジフェニルピリジン選択１	0					
フェニルピリジン及びジベンゾ含有配位子もつ新規な燐光ヘテロレプティックイリジウム錯体提供する解決手段フェニルピリジン及びジベンゾ含有配位子もつ新規な燐光ヘテロレプティックイリジウム錯体提供するその配位子の特定の位置のアルキル置換向上したＯＬＥＤ特性もつ化合物もたらしそれ飽和緑色発光含ま選択３	0					
フェニルピリジン及びジベンゾ含有配位子もつ新規な燐光ヘテロレプティックイリジウム錯体提供する解決手段フェニルピリジン及びジベンゾ含有配位子もつ新規な燐光ヘテロレプティックイリジウム錯体提供するその配位子の特定の位置のアルキル置換向上したＯＬＥＤ特性もつ化合物もたらしそれ飽和緑色発光含ま選択３	0					
一層の低電圧駆動可能であり発光効率高い有機エレクトロルミネッセンス素子及び該有機エレクトロルミネッセンス素子備えた電子機器並びにそれら実現するの化合物提供する解決手段フルオランテン骨格有する特定構造の化合物及び陰極と陽極の間発光含む複数の有機薄膜有し前記有機薄膜の少なくとも１該化合含む有機エレクトロルミネッセンス素子並びに該有機エレクトロルミネッセンス素子備えた電子機器選択なし	0					
より良い安定性使用の容易及び低い金属含有量含まOLED含む有機電子デバイスの提供解決手段中性及び酸化の少なくとも1つの第一の化合物少なくとも1つのイオンドーパントと第一の溶媒組み合わせて第一のドープさた反応生成提供する段階固体の第一のドープさた反応生成単離する段階および単離した第一のドープさた反応生成中性の少なくとも1つの共役ポリマーと第二の溶媒組み合わせて共役ポリマーの酸化第一の化合物の中性含む第二のドープさた反応生成生成する段階含む方法選択なし	0					
リン光でありＯＬＥＤ発光体有用な新規なヘテロレプティックイリジウムカルベン錯体の提供解決手段Ｉ表さヘテロレプティックイリジウム錯体である化合物特に２，４，６−三置換Ｎ−フェニルイミダゾール部分含む配位子ＯＬＥＤデバイスの使用それら好適な材料する非常に望ましい性質有する選択なし	0					
安定性高く発光特性改善さた新規な有機金属リン光発光体の提供解決手段下記化合物Ｖ例示さ新規なリン光発光体化合物選択なし	0					
可視領域の光透過率高く着色のより少ない電荷輸送薄膜提供する解決手段特定のオリゴアニリン化合と電子受容ドーパントとＳｉＯ２含む金属酸化物ナノ粒子有機溶媒のみなる溶媒分散して電荷輸送ワニス電荷輸送薄膜製造する選択なし	0					
外部取り出し量子効率高く且つ発光寿命長い素子の製造適した有機エレクトロルミネッセンス素子の製造方法提供する解決手段不純物含有量１０００である少なくとも二のモノマー合成さた重合体であって二のモノマーそれぞれ反応置換基有する有機化合である重合体含有する発光形成する工程有し発光形成する工程ａ二のモノマー溶剤溶解して溶液する工程ｂ溶液紫照射するまたは加熱して重合反応さ重合体反応溶液調製する工程ｃ重合体反応溶液重合体単離するなく重合体反応溶液含有する塗布調製する工程ｄ塗布塗布する工程この順行う有機エレクトロルミネッセンス素子の製造方法選択１	0					
近赤発光もたらす新規配位子有するシクロメタル錯体の提供解決手段下の生成例示さアルコキシ又はアルキルアミンなどの強い電子供与鎖共有結合金属結合さフェニル又はナフチル部分含む配位子有するシクロメタル錯体選択３	0					
駆動電圧の低減高い発光効率駆動寿命長い有機ＥＬ素子提供する解決手段下記一般１表さ有機ＥＬ素子用材及びこれ有機含む有機ＥＬ素子式環Ａベンゼン環環Ｂピロール環でありAr芳香族炭化水素基芳香複素環基又はこれらの芳香環２〜６つ連結して構成さ連結芳香基でありb１又は２である選択なし	0					
効率および信頼良い発光素子提供する青色発光呈する発光物質ドーパント組み合せ可能なホスト材料なる新規な複素環化合の提供解決手段Ｇ１表さ複素環化合物Ｙ１〜Ｙ４のいずれ１〜３ＮそれＣＨ；Ｙ１〜Ｙ４の２〜３Ｎの場合のＮ同士隣りない；Ａｒ１置換／無置換のビフェニルジイル基；Ａｒ２置換／無置換のビフェニルジイル基；Ｃｚ１カルバゾール骨格含む置換／無置換の複素環基；Ｃｚ２カルバゾール骨格含む置換／無置換の複素環基；Ｃｚ１含むカルバゾール骨格Ａｒ１直接結合；Ｃｚ２含むカルバゾール骨格Ａｒ２直接結合選択なし	0					
効率向上し低電圧動作し寿命長い有機発光ダイオード提供する解決手段発光の第１電子伝達特定の式表さ第１電子伝達マトリクス化合含みカソードの第２電子伝達第２電子伝達マトリクス化合含む少なくとも２の電子伝達なるＥＴＬ積層とレドックスｎドーパント含む有機発光ダイオードＯＬＥＤおよびＯＬＥＤ備えるデバイス選択１	0					
効率よく高分子化合製造するできる高分子化合の製造方法高分子化合物及この高分子化合用いた有機エレクトロニクス材料インク組成有機エレクトロニクス素子有機ＥＬ素子照明装置および表示装置提供する目的する解決手段下記１表さ化合と下記２表さ化合物遷移金属塩若しくはその水和物又は遷移金属塩若しくはその水和物の錯体還元剤反応さて得遷移金属触媒の存在反応さ含む高分子化合の製造方法式１及び２Ｘ２の連結基表しＲ１及びＲ２それぞれ独立水素原子又は置換基表す選択なし	0					
向上した特性もつＯＬＥＤデバイスの創作可能する解決手段Ｉの新規な燐光四座配位白金化合物提供するこの錯体ジベンゾ残基含みこれ式Ｉの化合物ＯＬＥＤデバイス組み込また場合向上した特性もつＯＬＥＤデバイスの創作可能する選択３	0					
高い発光効率および優れた寿命特性示すホスト材料提供する解決手段６環・５環・６環・５環・６環この順縮合した新規の有機電界発光化合およびこれ含む有機電界発光素子非常に良好な駆動寿命有するＯＬＥＤ素子製造する使用さ選択なし	0					
高い発光効率と長寿命示す有機エレクトロルミネッセンス素子提供する解決手段陽極陰極及び陽極と陰極の間少なくとも１の有機薄膜なる発光有する有機エレクトロルミネッセンス素子であって前記発光一般１表さ有機化合青色発光ドーパントあるいはアシストドーパント含有する有機エレクトロルミネッセンス素子１１R１〜R４の少なくとも一つ無置換アミノ基である選択５	0					
高い発光効率と長寿命示す有機エレクトロルミネッセンス素子提供する解決手段陽極陰極及び陽極と陰極の間少なくとも１の有機薄膜なる発光有する有機エレクトロルミネッセンス素子であって前記発光一般１表さ有機化合青色発光ドーパントあるいはアシストドーパント含有する有機エレクトロルミネッセンス素子１１R１〜R４の少なくとも一つ無置換アミノ基である選択５	0					
高効率高耐久性の有機エレクトロルミネッセンス素子の材料正孔および電子の注入・輸送性能電子阻止能力薄膜状態の安定性や耐久性優れた有機エレクトロルミネッセンス素子の各種材料それぞれの材料有する特性効果的発現できるに組み合わせるで高効率低駆動電圧長寿命の有機エレクトロルミネッセンス素子提供する解決手段少なくとも陽極正孔輸送発光電子輸送及び陰極この順に有する有機エレクトロルミネッセンス素子前記正孔輸送下記一般１表さアリールアミン化合含有し前記電子輸送下記一般２表さアントラセン環構造有する化合物含有する特徴する有機エレクトロルミネッセンス素子１	0					
高効率低駆動電圧長寿命の有機エレクトロルミネッセンス素子提供する解決手段陽極正孔輸送発光電子輸送及び陰極この順に有する有機エレクトロルミネッセンス素子正孔輸送一般１表さアリールアミン化合含有し電子輸送一般２表さベンゾトリアゾール環構造有する化合物含有する選択なし	0					
高効率寿命特性優れた有機ＥＬ素子とそれ適する化合物提供する解決手段下記一般１表さカルバゾール含有基コラニュレン結合した構造有するコラニュレン化合なる有機電界発光素子用材及びこれ有機含む有機電界発光素子である式Ｃｚ２のカルバゾール基でありＬ単結合ｐ＋１の芳香族炭化水素基芳香複素環基又はこれらの芳香環２〜６つ連結して構成さ連結芳香基でありｐｑ置換表しｐ１〜４の整数でありｑ０〜４の整数でありｍ繰り返しであり２〜４の整数である選択なし	0					
高効率発光しかつより低い駆動電圧駆動する有機ＥＬ素子提供する解決手段電子輸送帯域７０一般１表さ芳香複素環誘導体含んで有機ＥＬ素子一般１Ａ一般２表さ一般２ＨＡｒ一般３表さＸ１Ｘ３窒素原子またはＣＲ１でありＹ１酸素原子硫黄原子である選択１	0					
高効率発光しより低い駆動電圧駆動する有機ＥＬ素子当該有機ＥＬ素子用い芳香複素環誘導体及び当該誘導体含む有機ＥＬ素子用材の提供解決手段４表さ芳香複素環誘導体これ含む有機ＥＬ素子材料及び有機ＥＬ素子Ｘ１〜Ｘ３Ｎ又はＣＲ１；Ｒ１Ｈハロゲンアリール基等；Ａ式５；Ｌ１連結基；ａ１〜５の整数；Ａｒ１及びＡｒ２５又はアリール基選択なし	0					
高性能な有機エレクトロルミネッセンス素子提供する解決手段陽極陰極向かって発光第１電子輸送及び第２電子輸送含み第１電子輸送式１の化合物含む有機エレクトロルミネッセンス素子式Ａｒ１Ａｒ２Ｍ１Ｍ２及びＹ１〜Ｙ１６明細書定義した選択なし	0					
高性能な有機エレクトロルミネッセンス素子及び化合物の提供解決手段下記１表さ化合物並びに陰極陽極及び該陰極と該陽極の間位置する有機含む有機エレクトロルミネッセンス素子選択なし	0					
高発光効率高耐久性の有機エレクトロルミネッセンス素子の材料正孔および電子の注入・輸送性能電子阻止能力の薄膜状態の安定性や耐久性優れた有機エレクトロルミネッセンス素子の各種材料それぞれの材料有する特性効果的発現できるに組み合わせるで低駆動電圧高発光効率であってかつ長寿命の有機エレクトロルミネッセンス素子提供する解決手段少なくとも陽極正孔注入第一正孔輸送第二正孔輸送発光電子輸送及び陰極この順に有する有機エレクトロルミネッセンス素子前記正孔注入アリールアミン化合物および電子アクセプター含有し前記第二正孔輸送正孔輸送のアリールアミン化合含有しない特徴する有機エレクトロルミネッセンス素子選択なし	0					
高発光効率及び長寿命有する有機発光素子提供する解決手段第１電極１１０第１電極１１０対向する第２電極１９０第１電極１１０前記第２電極１９０との配置さた発光１５０含み発光１５０ドーパントである第１化合物ホストである第２化合物及び第３化合含む第３化合ホスト材料含む第１化合と第２化合エキサイプレックス効果的形成し高発光効率及び長寿命有する有機発光素子提供さ選択１	0					
従来の真空蒸着複雑なプロセスおよび低い材料効率改善し大量生産適したＯＬＥＤの製造方法提供する解決手段熱転写フィルムの利用有機発光ダイオードＯＬＥＤ連続に準備するの方法であって熱転写フィルムの少なくとも２つの転写熱転写プリンティング基板順に転写する選択１	0					
従来の真空蒸着複雑なプロセスおよび低い材料効率含む従来の真空蒸着の５０の材料のみ基板到達する解決手段熱転写フィルムの利用有機発光ダイオードＯＬＥＤ準備するの方法明らかする上記課題解決する熱転写フィルムの第一の転写熱転写プリンティング基板転写さ選択１	0					
新規なアントラセン化合物及びこれ用いた高効率な有機エレクトロルミネッセンス素子提供する解決手段下記１表さアントラセン化合物Ｚ式２表さ構造有する基でありＲ１１〜Ｒ１８の少なくとも１の隣接する２つの基互いに結合して式３表さ環構造形成する選択なし	0					
新規なシクロメタル四座配ＰｔＩＩ化合物提供する解決手段これらの化合物５の炭素環又はヘテロ環含む２つの配位子含みそのの１つＮ−１結合したねじれたアリール基もつイミダゾール環と炭素原子介して白金結合した第二の芳香環と含むこれらの化合物ＯＬＥＤ有利に用いるできる選択３	0					
新規な化合物及びそれ含有する有機エレクトロルミネッセンス素子材料提供する発光効率高く駆動電圧低く長寿命でありかつ駆動の電圧上昇小さくさらに経時安定性優れた有機エレクトロルミネッセンス素子具備する表示装置及び照明装置提供する解決手段一対の陽極と陰極挟また有機有する有機エレクトロルミネッセンス素子であって前記有機発光有しかつ当該有機のの少なくとも１下記一般１表さ構造有する化合物含有する選択なし	0					
新規な重水素置換多環芳香族化合物およびそれ用いた有機ＥＬ素子提供する解決手段ホウ素原子と酸素原子など複数の芳香環連結した新規な多環芳香族化合物天然存在比の重水素導入するで有機ＥＬ素子材料有機デバイス用材の選択肢増やすまた新規な重水素置換多環芳香族化合物有機ＥＬ素子用材用いるで例えば発光効率や素子寿命優れた有機ＥＬ素子提供する選択１	0					
新規のＯＬＥＤデバイスの提供解決手段３の式Ｉ表さ新規な燐光四座配位白金化合物Ｇ下記構造；Ｇ環Ａのいずれ２つの隣接する炭素原子と縮合して；環Ｂ〜環Ｄ各々独立５又は６炭素環又はヘテロ環芳香環；Ｌ１〜Ｌ３各々独立単結合ＢＲＮＲＰＲＯＳＳｅＣ＝ＯＳ＝ＯＳＯ２ＣＲＲ′ＳｉＲＲ′又はＧｅＲＲ′；Ａ１〜Ａ８Ｃ又はＮ；Ｒ１〜Ｒ４各々独立モノ−〜テトラ−置換；ＲＲＲ１〜Ｒ４各々独立ＨＤハライドアルキルシクロアルキルアリールアルキルアリールカルボニルニトリル選択３	0					
新規のアリールシリコンおよびアリールゲルマニウムホスト材料および詳細トリフェニレンおよびピレンフラグメント含有するホスト材料提供する解決手段1表さ化合物ＯＬＥＤの発光ホスト使用さ場合この化合物ＯＬＥＤ素子の性能改善するＺＳｉ又はＧｅ；Ａｒ及びＡｒ′フェニル基ビフェニルナフタレンジベンゾチオフェン又はジベンゾフラン；Ａトリフェニレンテトラフェニレンピレンナフタレンクリセンフェナントレン；Ｌ単結合Ｃ５〜２０のアリール又はヘテロアリール基；Ｂカルバゾールジベンゾフランジベンゾチオフェン選択なし	0					
新規の発光材料および当該発光材料用いた有機ＥＬ素子提供する解決手段本発明の発光材料下記一般I表さ化合物なるＲ１ビフェニルの４位窒素原子結合して電子供与基であるＲ２ビフェニルの４炭素原子結合して置換基およびハロゲンなる群選択さ電子求引基であるＲ３ビフェニルの２または３窒素原子結合して置換基炭素原子結合して置換基およびハロゲンなる群選択さ置換基である選択なし	0					
新規の有機ＥＬ材料およびそれ用いた有機ＥＬ素子提供する解決手段本発明の有機ＥＬ材料一般I表さ化合物なる式IＲ１およびＲ２それぞれ独立水素原子または任意の置換基であり好ましく水素原子シアノ基ハロゲン置換アルキル基ハロゲン置換基有しててピリジル基および電子供与の芳香基なる群選択さ置換基であるＡ置換基有しててヘテロアリール基または置換基有しててアリールアミノ基少なくとも１つ直接または他の芳香基介してピリジン環の４炭素結合して置換基である選択なし	0					
新規の有機電界発光化合およびこれ含む有機電界発光素子提供する解決手段ＯＬＥＤ素子の有機電界発光材料のホスト材料使用さ場合開示さた有機電界発光化合物従来のホスト材料比較して高い発光効率および材料の優れた寿命特性示すよってそれ非常に良好な駆動寿命有するＯＬＥＤ製造する使用さ選択なし	0					
新規ホスト又はコホストの使用のの化合物及び前記化合含む有機発光ダイオードのデバイスの提供解決手段Ｉ表さ化合物ＸＯＳ又はＳｅ；Ｇ２及びＧ３各々独立ベンゼンビフェニルナフタレンフェナトレンジベンゾフランピリジンキノリン；Ｌフェニルビフェニルターフェニルピリジン；Ｒ１〜Ｒ６各々独立ＨＤアルキルハロゲンベンゼンピリジン選択１	0					
正孔輸送ＨＴＬの電気特性熱安定性及び寿命延ばせなくしてたtounableincreasedlifetime動作安定性優れた非水系インク組成提供する解決手段非水系インク組成であってａＩ：の繰り返し単位含むポリチオフェン；ｂＳｉＯ２含む１の半金属ナノ粒子；ｃ１のドーパント；及びｄ１の有機溶媒含む液体担体含む組成選択なし	0					
青色発光ＯＬＥＤ使用特に有益で高いフォトルミネセンス量子収量達成し化合物ならびこれらの化合物含むデバイス提供する解決手段下記例示さ置換アントラセンまたはアクリジン配位子配した金属含む新規有機化合であって特に化合物９および１０置換さたアントラセン配位子含む金属第３の遷移金属である化合物改善さた効率および寿命提供する有機発光デバイス用い選択なし	0					
素子性能改善さた有機エレクトロルミネッセンス素子提供する解決手段陽極陰極及び該陽極と陰極の間配置さた有機含む有機エレクトロルミネッセンス素子であって有機発光と電子輸送含み電子輸送陰極発光の間配置さかつ発光隣接し電子輸送２つのカルバゾール誘導体結合してなる第１化合物及び窒素と炭素原子６つ構成さた６複素環誘導体なるまたは２つのカルバゾール誘導体単環炭化水素結合してなるまたはベンゾイミダゾール誘導体なるいずれの第２化合含む有機エレクトロルミネッセンス素子選択なし	0					
耐久特性改善さ発光バランス優れる白色有機ＥＬ素子提供する解決手段少なくとも陽極２第一発光４中間層５第二発光４ｂ陰極７この順備え中間層５第一発光４ａ及び第二発光４ｂ隣接する白色有機ＥＬ素子第一発光４ａ及び第二発光４ｂ電子トラップであり中間層５構成する材料ＨＯＭＯ準位第一発光４のホストのＨＯＭＯ準位であり炭化水素のみなるＳ１準位高い化合物である選択１	0					
低電圧高効率かつ長寿命な有機エレクトロルミネッセンス素子提供する解決手段陽極発光有機薄膜及び陰極この順含む有機エレクトロルミネッセンス素子であって前記発光下記１表わさ化合物含み前記有機薄膜前記発光接し前記有機薄膜ベンズイミダゾール骨格有する化合物含む有機エレクトロルミネッセンス素子選択なし	0					
低電圧でありながら高効率かつ高い駆動安定性と優れた寿命特性有した蛍光発光遅延蛍光発光又は燐光発光の有機ＥＬ素子提供する解決手段対向する陽極と陰極の間発光含む有機電界発光素子発光少なくとも２つのホスト材料少なくとも１つの発光ドーパント含有しホスト材料インドロカルバゾール環１つ又は２つ有するインドロカルバゾール化合とカルボラン環とカルバゾール環有するカルボラン化合含む材料使用する特徴する選択１	0					
低電圧でありながら高効率かつ高い駆動安定性有した実用有用な有機ＥＬ素子提供する解決手段対向する陽極と陰極の間発光含む有機電界発光素子少なくとも１つの発光２のホスト化合含むホスト材料少なくとも１つの発光ドーパント含有し該ホスト材料インドロカルバゾール環１つ又は２つ有するインドロカルバゾール化合選ば第一のホスト化合とカルボラン環３つ有するカルボラン化合選ば第二のホスト化合含む選択１	0					
低電圧でありながら高効率かつ高い駆動安定性有した実用高い有機ＥＬ素子提供する解決手段対向する陽極と陰極の間１つの発光含む有機電界発光素子少なくとも１つの発光少なくとも２の化合物含むホスト材料発光ドーパント含有しこのホスト材料(i)インドロカルバゾール環構造１〜２有するインドロカルバゾール化合と(ii)ジベンゾチオフェン環結合するカルボラン環有するカルボラン化合含むである特徴する有機電界発光素子選択１	0					
低電圧でありながら高効率かつ高い駆動安定性有した実用高い有機ＥＬ素子提供する解決手段対向する陽極と陰極の間１つの発光含む有機電界発光素子少なくとも１つの発光少なくとも２の化合物含むホスト材料発光ドーパント含有しこのホスト材料(i)インドロカルバゾール環構造１〜２有するインドロカルバゾール化合と(ii)ジベンゾフラン環結合するカルボラン環有するカルボラン化合含むである特徴する有機電界発光素子選択１	0					
低電圧な有機ＥＬ素子提供する解決手段陽極発光有機薄膜及び陰極この順含む有機ＥＬ素子であって前記発光下記１表わさ化合物含み前記有機薄膜発光接する層であって下記２表わさ化合物含む有機ＥＬ素子選択なし	0					
電圧特性および耐久特性改善さた白色有機ＥＬ素子提供する解決手段陽極２青色発光である第一発光４正孔ブロッキング５電子輸送６陰極７とこの順備え正孔ブロッキング５第一発光４と電子輸送６隣接し第一発光４第一ホストと青色蛍光発光する第一ドーパント含まてａｂｃの関係成り立つ白色有機ＥＬ素子ａＬＵＭＯＨ１>ＬＵＭＯＤ１ｂ０．１<ｄＥＴＬ／ｄＨＢＬ）<０．７ｃ９０ｎｍ≦ｄＥ＝ｄＨＢＬ＋ｄＥＴＬ）<１５０ｎｍＬＵＭＯＨ１：第一ホストのＬＵＭＯエネルギーＬＵＭＯＤ１：第一ドーパントのＬＵＭＯエネルギーｄＨＢＬ：正孔ブロッキング５の膜厚ｄＥＴＬ：電子輸送６の膜厚選択１	0					
電子素子の対応する機能正孔輸送材料使用さ化合物の提供解決手段下例示さアリールアミノ化合物選択なし	0					
電流密度依存した色変化生じ構成有する発光素子提供する解決手段発光素子陽極５１有機材料成り発光備えた有機７０及び陰極５２積層さた構造有し発光陽極陰極亙り異なる色発光する２の発光領域構成さて各発光領域ホスト材料及びドーパント材料含み陰極近い発光領域含まホスト材料のイオン化ポテンシャルの絶対値陽極近い発光領域含まホスト材料のイオン化ポテンシャルの絶対値大きい選択１	0					
塗工特性良好な有機半導体素子液状組成であってその有機半導体素子液状組成有機形成した場合有機半導体素子の機能の寿命延長さ有機半導体素子液状組成及びその製造方法提供するである解決手段１２５固体である有機化合１２５液体であり１００重量ｐｐｍのハロゲン化合物濃度有する有機溶媒溶解さ工程包含する有機半導体素子液状組成の製造方法である選択なし	0					
塗工特性良好な有機半導体素子液状組成であってその有機半導体素子液状組成有機形成した場合有機半導体素子の機能の寿命延長さ有機半導体素子液状組成及びその製造方法提供するである解決手段１２５固体である有機化合１２５液体であり１００重量ｐｐｍのハロゲン化合物濃度有する有機溶媒溶解さ工程包含する有機半導体素子液状組成の製造方法である選択なし	0					
塗工特性良好な有機半導体素子液状組成であってその有機半導体素子液状組成有機形成した場合有機半導体素子の機能の寿命延長さ有機半導体素子液状組成及びその製造方法提供するである解決手段１２５固体である有機化合１２５液体であり１００重量ｐｐｍのハロゲン化合物濃度有する有機溶媒溶解さ工程包含する有機半導体素子液状組成の製造方法である選択なし	0					
動作寿命長いＯＬＥＤ提供する解決手段アノード２１５カソード２６０アノードとカソードの間配置さて第１の発光２３５と有し第１の発光電子輸送化合物及びリン光発光ドーパント化合含みリン光発光ドーパント化合物発光濃度勾配有し濃度勾配ｉ第１の発光のカソード向かって直線に変化するｉｉ第１の発光のカソード向かって非直線に変化するここ非直線二次関数三次関数又は高次の関数なる群選択さ多項式関数対応する及びｉｉｉ段階的変化するのの１変化する有機発光デバイス選択２	0					
薄膜材料の成膜の材料劣化抑え所望の蒸着速度安定した膜厚得蒸着装置提供するである解決手段本発明の蒸着装置真空基設置し材料ガス供給機構供給さた材料ガス含ま薄膜材料基着膜さ蒸着装置であって材料ガス供給機構エアロゾル供給機構接続さた気化含み材料ガス気化エアロゾル供給機構供給さたエアロゾル含ま粉気化さてなる薄膜材料の蒸気含みエアロゾル供給機構エアロゾル粉分離する粉分離分離さ回収さた粉貯蔵する粉貯蔵及び粉貯蔵供給さた粉エアロゾル形成するエアロゾル形成含みかつエアロゾル供給機構全体大気の流入遮断可能に構成さてなる選択３	0					
発光さたの色度調整し易い有機エレクトロルミネッセンス素子提供する解決手段陽極３陰極４との少なくとも第一発光５１及び第二発光５２備える有機エレクトロルミネッセンス素子１であって前記第一発光５１第一ホスト材料と第一ドーパント材料含み前記第二発光５２第二ホスト材料と第三ホスト材料と第二ドーパント材料含む特徴する有機エレクトロルミネッセンス素子１選択１	0					
発光ドーパント青色デバイス用い高い効率有する化合物の提供解決手段１表さ化合物Ｒ1〜Ｒ1g夫々独立Ｈアルキル基等；Ｍイリジウム；Ｌ配位子；Ａ２〜３の連結原子有する連結基；ｎ１の整数；ｎ＋ｍ最大配位子選択１	0					
発光効率高く高温保存した発光強度の経時変化小さく更に高温の発光寿命長い有機ＥＬ素子提供するまた当該有機ＥＬ素子具備さた表示装置及び照明装置提供する解決手段陽極と陰極の間発光及び電子阻止含む有機挟持さた有機ＥＬ素子であって前記発光下記一般１表さ構造有する芳香複素環誘導体含有する有機ＥＬ素子選択なし	0					
発光効率高く高温保存した発光強度の経時変化小さく更に高温の発光寿命長い有機ＥＬ素子及びその製造方法提供する解決手段少なくとも１対の陽極と陰極挟また有機１０６含有する有機エレクトロルミネッセンス素子であって有機１０６発光含む少なくとも１なり有機１０６の少なくとも１下記一般Ａ１〜Ａ５表さ化合物の少なくとも１つ含有する有機ＥＬ素子選択４	0					
発光効率高く耐久性優れた有機ＥＬ素子提供するまた有機ＥＬ素子適用可能な青色発光ドーパント組み合わせて使用するできる有機ＥＬ素子材料提供する解決手段陽極と陰極挟また少なくとも発光含む有機有する有機エレクトロルミネッセンス素子であって有機の少なくとも１下記一般Ｉ表さ構造有する化合物含有して有機エレクトロルミネッセンス素子一般ＩＲ１水素原子又は電子求引の置換基表すＲ２無置換又は置換基有するアリール基又はヘテロアリール基表す選択２	0					
発光効率高く長寿命である有機エレクトロルミネッセンス素子およびそれ実現するのビスカルバゾール誘導体提供する解決手段特定の構造有する新規な含窒素複素環誘導体陰極と陽極発光含む一層の有機薄膜有し有機薄膜の少なくとも一層この含窒素複素環誘導体含有する有機エレクトロルミネッセンス素子選択なし	0					
発光効率高く長寿命である有機エレクトロルミネッセンス素子及びそれ実現するのビスカルバゾール誘導体の提供解決手段１表さベンゾイミダゾール主構造有する新規な含窒素複素環誘導体陰極１０陽極２０発光３３含む一層の有機薄膜有し有機薄膜の少なくとも一層この含窒素複素環誘導体含有する有機エレクトロルミネッセンス素子選択１	0					
発光効率高く長寿命の有機エレクトロルミネッセンス素子および有機エレクトロルミネッセンス素子材料提供する解決手段陰極４陽極３陰極４陽極３との配置さた発光５含む１の有機薄膜と有し発光５第一ホスト材料と第二ホスト材料と燐光発光ドーパント材料含み前記第一ホスト材料下記一般１表さ化合であり前記第二ホスト材料下記一般２表さ化合である特徴する１選択１	0					
発光効率高く低駆動電圧長寿命であり且つ駆動の電圧上昇小さく更に経時安定性優れた有機エレクトロルミネッセンス素子有機エレクトロルミネッセンス素子の製造方法表示装置照明装置及び有機エレクトロルミネッセンス素子材料提供する解決手段有機発光含む少なくとも１なり有機の少なくとも１一般１表さ化合物含有する有機エレクトロルミネッセンス素子選択なし	0					
発光効率高く低駆動電圧であり且つ耐久性高くさらに駆動の電圧上昇小さくできたり経時安定性優れたりする有機エレクトロルミネッセンス素子材料それ用いた有機エレクトロルミネッセンス素子照明装置並びに表示装置提供する解決手段下記一般１表さ化合である特徴する有機エレクトロルミネッセンス素子材料選択なし	0					
発光効率高く低駆動電圧であり且つ耐久性高く駆動の電圧上昇小さい有機エレクトロルミネッセンス素子材料それ構成する化合物有機エレクトロルミネッセンス素子材料用いた有機エレクトロルミネッセンス素子表示装置並びに照明装置提供する解決手段下記一般(１)表さ化合である特徴する有機エレクトロルミネッセンス素子材料選択なし	0					
発光効率高く低駆動電圧であり且つ耐久性高く駆動の電圧上昇小さい有機エレクトロルミネッセンス素子材料それ構成する化合物有機エレクトロルミネッセンス素子材料用いた有機エレクトロルミネッセンス素子表示装置並びに照明装置提供する解決手段下記一般(１)表さ化合である特徴する有機エレクトロルミネッセンス素子材料選択なし	0					
発光効率高く低駆動電圧であり且つ耐久性高く駆動の電圧上昇小さい有機エレクトロルミネッセンス素子材料それ用いた有機エレクトロルミネッセンス素子照明装置表示装置並びに有機エレクトロルミネッセンス素子材料構成する化合物提供する解決手段下記一般(１)表さ化合である特徴する有機エレクトロルミネッセンス素子材料選択なし	0					
発光効率高く発光寿命長く高温の使用経時変化小さい有機ＥＬ素子提供する解決手段陽極と陰極の間発光含む少なくとも１の有機挟持さ有機の少なくとも１下記一般１表さ構造有する芳香複素環誘導体含有する有機ＥＬ素子選択なし	0					
発光効率高く発光寿命長く高温の使用経時変化小さい有機ＥＬ素子提供する解決手段陽極と陰極の間発光含む少なくとも１の有機挟持さ有機の少なくとも１下記一般１又は２表さ構造有する芳香複素環誘導体含有する有機ＥＬ素子選択なし	0					
発光効率高く発光寿命長く特に高温の保存安定性改善さた有機エレクトロルミネッセンス素子と当該有機エレクトロルミネッセンス素子具備さた表示装置及び照明装置提供する解決手段本発明の有機エレクトロルミネッセンス素子有機エレクトロルミネッセンス素子陽極と陰極の間発光含む有機機能挟持さた有機エレクトロルミネッセンス素子であって前記有機機能の少なくとも１下記一般１表さ構造有する芳香複素環誘導体含有する特徴する選択なし	0					
発光効率高く耐久性優れた有機ＥＬ素子提供する解決手段一対の電極発光含む少なくとも一層の有機有する有機電界発光素子であって前記発光と陰極の間特定の化合物含有する層有しかつ前記発光少なくとも一種の電子輸送材料と少なくとも一種の正孔輸送材料と含有し前記電子輸送材料前記正孔輸送材料の少なくとも一方発光材料であって前記発光前記正孔輸送材料の濃度前記陽極前記陰極向かって減少して選択なし	0					
発光効率優れたバランス良い性能示す有機ＥＬ素子提供する解決手段下記２表さピレン化合物ホスト材料しホウ素原子と窒素原子または酸素原子複数の芳香環連結した多環芳香族化合物ドーパント材料した発光用材用いて有機ＥＬ素子作製するで例えば発光効率優れた有機ＥＬ素子提供する１６１上記２ピレン部分の少なくとも１つの水素炭素数６〜１０のアリール置換さててよくＡｒ炭素数１４〜４０のアリールまたは炭素数１２〜４０のヘテロアリールであってこれら炭素数６〜１０のアリール置換さててよくｓおよびｐそれぞれ独立して１または２の整数でありｓおよびｐ同時に２なるなく式２表さ化合物少なくとも１つの水素それぞれ独立してハロゲンシアノまたは重水素置換さてて	0					
発光効率優れる有機ＥＬ素子製造するできる化合物提供する解決手段１表さ化合物Ａｒアリール基；Ｒａ夫々独立アルキル又は環状アルキル；Ｒｂ１〜Ｒｂ４夫々独立ハロゲンシアノアルキル；Ｒｃ１〜Ｒｃ１０夫々独立Ｈハロゲンシアノアルキル又はいずれＮの結合；ｘｙｚ整数選択なし	0					
発光効率向上さできる発光装置提供する解決手段発光装置１有機エレクトロルミネッセンス素子２第１Ｃ１透過さ第１変換３１第２Ｃ２透過さ第２変換３２備え有機エレクトロルミネッセンス素子２陽極２１陰極２２陽極２１および陰極２２の間配置さた少なくとも１の有機２３有し有機２３の少なくとも１ホスト材料と第１Ｃ１および第２Ｃ２含んで発光するドーパント材料と含有する発光２５であり前記ドーパント材料の一重項エネルギーＥｇＳＤ前記ドーパント材料の７７ＫエネルギーギャップＥｇ７７ＫＤの差ΔＳＴＤ下記数式数１満たす特徴するΔＳＴＤ＝ＥｇＳＤ−Ｅｇ７７ＫＤ<０．３ｅＶ数１選択１	0					
発光効率向上さ含窒素化合物及びそれ含む有機ＥＬ素子の提供解決手段下代表さ含窒素縮合環化合物第１電極ＥＬ１その配置さた正孔輸送領域ＨＴＲと該正孔輸送領域の配置さ前記含窒素化合含む発光ＥＭＬとその配置さた電子輸送領域ＥＴＲと該電子輸送領域の配置さた第２電極ＥＬ２含む有機ＥＬ素子１０選択１	0					
発光ドーパントのエネルギー移動の効率向上さた有機エレクトロルミネッセンス表示装置材料及び有機エレクトロルミネッセンス表示装置提供する目的する解決手段本発明係るエレクトロルミネッセンス表示装置用材発光ドーパントとアシストドーパント有する発光ドーパントの励起一重項状態S1準位エネルギー2.6eV3.0eVでありアシストドーパントの励起一重項状態S1準位エネルギー2.4eV3.0eV且つ励起一重項状態S1励起三重項状態T1のエネルギーギャップΔEST0eV2.0eVであって選択２	0					
発光厚膜して発光輝度の低下と駆動電圧の上昇と抑え輝度ムラの発生抑え有機エレクトロルミネッセンス素子提供する解決手段本発明かかる有機エレクトロルミネッセンス素子１００基板１対なる電極陽極２陰極８少なくとも電子輸送６および発光５有する有機機能２０と備える発光５少なくともホスト化合と発光ドーパントと伝導帯のエネルギー準位−５．５〜−１．５ｅＶである非発光の半導体ナノ粒子含有さて選択１	0					
平坦の良好な薄膜与えるの方法そのな薄膜の形成方法及びそのような薄膜与えワニス提供する解決手段有機化合と有機溶媒と含む薄膜形成ワニス用いて薄膜形成する前記ワニスの流動活性化エネルギー２８ｋＪ／ｍｏｌする薄膜の平坦方法選択なし	0					
本発明の課題低いＨＯＭＯのエネルギー準位持つリン光発光ドーパント用いた大気中の取扱い優れかつ駆動経時の色度安定性良好な有機ＥＬ素子提供するである解決手段本発明の有機ＥＬ素子リン光発光ドーパントのＨＯＭＯＤ下記条件１満たしホスト化合のＨＯＭＯＨリン光発光ドーパントのＨＯＭＯＤと下記条件２満たしかつ陽極隣接含有さ化合物ＡのＨＯＭＯＡ発光含有さホスト化合物又はリン光発光ドーパントのいずれ高いのＨＯＭＯＥＭＬと下記条件３満たす特徴する−６．５０ｅＶ≦ＨＯＭＯＤ≦−５．５０ｅＶ１−０．３０ｅＶ<ＨＯＭＯＨ−ＨＯＭＯＤ≦１．３０ｅＶ２０．１０ｅＶ≦ＨＯＭＯＡ−ＨＯＭＯＥＭＬ）≦１．００ｅＶ３選択１	0					
本発明の課題発光効率高く耐久性優れた有機ＥＬ素子提供するであるまた当該有機ＥＬ素子適用可能な青色発光ドーパント組み合わせて使用するできる有機ＥＬ素子材料提供するである解決手段本発明の有機エレクトロルミネッセンス素子陽極と陰極挟また少なくとも発光含む有機有する有機エレクトロルミネッセンス素子であって有機の少なくとも１一般Ｉ表さ構造有する化合物含有して特徴する１選択２	0					
本発明意図しないエキサイプレックス特性低下低減するが可能な有機エレクトロルミネッセンス素子提供する解決手段本実施形態係る有機エレクトロルミネッセンス素子支持基板１陽極２発光３陰極４とこの順備えて発光３少なくとも一種類の発光ドーパントと少なくとも一種類のホスト化合含有し発光ドーパントの少なくとも一種類双極子モーメント１デバイの蛍光発光示す材料であり発光ドーパントのＨＯＭＯのエネルギー準位の最大絶対値ＤＨとＬＵＭＯのエネルギー準位の最小絶対値ＤＬとホスト化合のＨＯＭＯのエネルギー準位の最小絶対値ＨＨとＬＵＭＯのエネルギー準位の最大絶対値ＨＬと下記１及び２満たすＤＨ<ＨＨ…１ＤＬ>ＨＬ…２選択１	0					
本発明有機発光デバイスＯＬＥＤ解決手段キノリン又はイソキノリン部分有する配位子例えばｉｓｏｐｑ配位子含む化合物特にその配位子電子供与基さらに置換さてこれらの化合物有機発光デバイス特に可視スペクトルの深赤色部分発光もつデバイス用いて向上した特性有するデバイスもたらすできる選択なし	0					
優れた性能示す有機エレクトロルミネッセンスＥＬ素子製造するできる新規な化合当該化合有する有機ＥＬ素子並びに当該有機ＥＬ素子備える電子機器提供する解決手段下記１表さ化合物化合物含有する有機ＥＬ素子用材陰極と陽極少なくとも発光含む一層又は複数なる有機薄膜挟持さて有機ＥＬ素子該有薄膜の少なくとも１前記化合含有する有機ＥＬ素子該有ＥＬ素子備えた電子機器上記ＡＢＣＲ１〜Ｒ１１明細書中定義したである選択なし	0					
優れた性能示す有機エレクトロルミネッセンスＥＬ素子製造するできる新規な化合当該化合有する有機ＥＬ素子並びに当該有機ＥＬ素子備える電子機器提供する解決手段下記１表さ化合物化合物含有する有機ＥＬ素子用材陰極と陽極少なくとも発光含む一層又は複数なる有機薄膜挟持さて有機ＥＬ素子該有薄膜の少なくとも１前記化合含有する有機ＥＬ素子該有ＥＬ素子備えた電子機器上記ＡＢＣＲ１〜Ｒ１１明細書中定義したである選択なし	0					
優れた性能示す有機エレクトロルミネッセンスＥＬ素子製造するできる新規な化合当該化合有する有機ＥＬ素子並びに当該有機ＥＬ素子備える電子機器提供する解決手段下記１表さ化合物化合物含有する有機ＥＬ素子用材陰極と陽極少なくとも発光含む一層又は複数なる有機薄膜挟持さて有機ＥＬ素子該有薄膜の少なくとも１前記化合含有する有機ＥＬ素子該有ＥＬ素子備えた電子機器上記ＡＢＣＲ１〜Ｒ１１明細書中定義したである選択なし	0					
優れた性能示す有機エレクトロルミネッセンスＥＬ素子製造するできる新規な化合当該化合有する有機ＥＬ素子並びに当該有機ＥＬ素子備える電子機器提供する解決手段下記１表さ化合物化合物含有する有機ＥＬ素子用材陰極と陽極少なくとも発光含む一層又は複数なる有機薄膜挟持さて有機ＥＬ素子該有薄膜の少なくとも１前記化合含有する有機ＥＬ素子該有ＥＬ素子備えた電子機器上記ＡＢＣＲ１〜Ｒ１１明細書中定義したである選択なし	0					
有機ＥＬ素子の正孔注入適用した場合優れた輝度特性実現できる薄膜与える電荷輸送ワニス電荷輸送薄膜及び有機ＥＬ素子提供する解決手段１表さチオフェン誘導体なる電荷輸送物質とドーパントと有機溶媒と含む電荷輸送ワニス選択なし	0					
有機ＥＬ素子の正孔注入適用した場合優れた輝度特性実現できる薄膜与える電荷輸送ワニス電荷輸送薄膜及び有機ＥＬ素子提供する解決手段１表さチオフェン誘導体なる電荷輸送物質含む電荷輸送ワニス選択なし	0					
有機ＥＬ素子の低電圧駆動や寿命向上果たし高分子化合提供する解決手段下記１表さ構造単位有する高分子化合物式１Ｒ水素原子ヒドロキシ基アルコキシ基ビニル基アルキル基アリール基又はヘテロアリール基表しＲそれぞれ独立水素原子アルキル基アリール基又はヘテロアリール基表し＊他の構造単位の結合部位表す選択なし	0					
有機ＥＬ素子の発光効率向上図りつつ長期信頼確保する反射陰極の材料Ａｇ用いた素子Ａｇ拡散起因する透明陽極のホール注入阻害抑制できる素子提供する解決手段透明陽極有機機能及び反射陰極含み有機機能透明陽極発光ユニット接続及び反射陰極発光ユニット含み反射陰極２ｎｍの平均厚みの超薄膜Ａｌ層及び５ｎｍの平均厚みの薄膜Ａｇ層含む有機ＥＬ素子する選択３	0					
有機ＥＬ素子の発光使用可能な熱活性遅延蛍光能持つ発光材料及びそれ用いた有機ＥＬ素子の提供解決手段発光材料一般I表さシアノピリジンとヘテロアリール基の結合した化合物ｍ及びｎ各々独立１〜３の整数；ｍ＋ｎ２〜４；Ａ電子供与有する置換ヘテロアリール基かつ芳香複素環の置換基の少なくとも１つ電子求引基；芳香複素環の電子求引の置換基シアノ基パーフルオロアルキル基及びヘテロアリール基等好ましく中でもシアノ基及びピリジル基選択なし	0					
有機ＥＬ素子の新規な芳香複素環誘導体用いた発光効率高く発光寿命長く高温の使用経時変化小さい有機ＥＬ素子提供するまた当該有機ＥＬ素子具備さた表示装置及び照明装置提供する更に有機ＥＬ素子の新規な芳香複素環誘導体提供する解決手段陽極と陰極の間発光含む少なくとも１の有機挟持さた有機エレクトロルミネッセンス素子であって前記有機の少なくとも１下記一般１表さ構造有する芳香複素環誘導体含有する有機エレクトロルミネッセンス素子選択なし	0					
有機ＥＬ素子の新規な芳香複素環誘導体用いた発光効率高く発光寿命長く高温の使用経時変化小さい有機ＥＬ素子提供するであるまた当該有機ＥＬ素子具備さた表示装置及び照明装置提供するである更に有機ＥＬ素子の新規な芳香複素環誘導体提供するである解決手段本発明係る有機エレクトロルミネッセンス素子陽極と陰極の間発光含む少なくとも１の有機挟持さた有機エレクトロルミネッセンス素子であって前記有機の少なくとも１下記一般１表さ構造有する芳香複素環誘導体含有する特徴する選択なし	0					
有機エレクトロルミッセンス素子の使用適す電子供与受容体とかさ高い基置換さた６環構造有する新規化合の提供解決手段下Ｉの新規６環構造有する化合物式Ｑ１Ｑ２ＮＣＲＡＣＲＤおよびＣＲＳ選ば；Ｚ１とＺ２ＮＣＲＡおよびＣＲＤ選ば；ＲＡ−Ｍ効果基；ＲＤ＋Ｍ効果基；およびＲＳ立体的かさ高い基であるがただし一般Ｉの化合物少なくとも一つの基ＣＲＡ少なくとも一つの基ＣＲＤと含む選択なし	0					
有機エレクトロルミネセンス素子特に青色発光素子使用さ発光のホスト材料若しくはドーパント及び/又は正孔輸送材料及び/又は電子輸送材料有用な化合の提供解決手段フェニレン基ナフチルアントリル若しくはフェナントレニル基とフェニル基連結し加えて少なくとも一つのブリッジフェニレン基とフェニル基の間存在し少なくとも一つのブリッジフェニレン基とナフチル基或いはアントリル或いはフェナントレニル基の間存在する化合物とこれら化合物の複素環誘導体選択なし	0					
有機エレクトロルミネッセンス素子長寿命するできる化合物提供する解決手段下記１表さ化合物選択なし	0					
有機電子素子特に有機エレクトロルミネッセンス素子の使用適して且つこの素子の使用良好な素子特性もたらす化合提供する並びに対応する電子素子提供する解決手段一般１有する化合物選択なし	0					
有機発光ダイオードなどのデバイスホスト使用するの化合物の提供解決手段下記例示さ化合物選択なし	0					
有機発光ダイオード発光体有用な化合の提供解決手段下記表さイリジウム錯体化合代表さ有機金属錯体化合物選択１	0					
有機発光デバイスＯＬＥＤ特に発光ドーパント有用である新規の配位子有する金属錯体提供これらの新規の配位子の結合赤色のリン光材料良好な外部量子効率良好な色及び長い寿命提供する解決手段下記代表さ化合物及びアノードとカソードの間配置さて有機下記代表さ化合物含むデバイス選択なし	0					
有機発光デバイスＯＬＥＤ発光体有用であり発光のデバイス効率と半値全幅ＦＷＨＭ改善する化合物の提供解決手段ナフタレン又はベンゾフラン若しくはベンゾチオフェンの縮ヘテロ環部分有する下記表さ配位子ＬＡ含むリン光金属錯体式環Ｂ５又は６の芳香環Ｒ３無置換置換の最大Ｘ１〜４ＣＲ又はＮ表しＲ１〜３Ｈハロゲンアルキル表しＬＡ金属Ｍ配してＬＡ他の配位子結合して三座四座五座又は六座配位子含んでてよくＭ他の配位子配してて選択なし	0					
有機発光デバイスＯＬＥＤ用いるできる新規イリジウム錯体の提供解決手段１表さ発光ドーパント式ＬＡＬＢそれぞれ特定のＬ２−フェニルピリジン構造ｍ１または２表す選択１	0					
有機発光デバイスＯＬＥＤ有用な材料なる遅延蛍光挙動示す化合の提供解決手段Ｉ示さイミダゾール核有する化合物Ｇ１電子供与基又は電子受容基；Ｇ２電子供与基又は電子受容基；Ｇ１電子供与基である場合Ｇ２電子受容基Ｇ１電子受容基である場合Ｇ２電子供与基；電子受容基少なくとも２つの窒素原子有する６芳香環及び少なくとも１つの窒素原子少なくとも１つの酸素原子少なくとも１つの硫黄原子又は少なくとも１つのセレン原子含む５芳香環選択さ少なくとも１つの化学基；電子受容基置換さてて選択なし	0					
有機発光デバイスリン光発光機能するできる第１の化合物含む組成提供する解決手段室温有機発光デバイスリン光発光機能するできる第１の化合物含む組成であって第１の化合物少なくとも１つの置換基Ｒ有し少なくとも１つの置換基Ｒのそれぞれ次有する式破線前記第１の化合物Ｒ結合する結合示しＧ１非芳香の環状又は多環状の基でありＧ２アリール及びヘテロアリール選択さＧ１及びＧ２独立して特定の置換基更に置換さてて選択なし	0					
容易に多層可能でありかつ樹脂のな高温処理するできない基板使用するできる有機エレクトロニクス材料およびそれ含むインク組成該有エレクトロニクス材料または該インク組成用いて形成さた有機薄膜該有薄膜用いた従来優れた発光効率発光寿命有する有機エレクトロニクス素子有機ＥＬ素子提供する解決手段３方向分岐する構造有しかつ少なくとも一つの重合置換基有するポリマー又はオリゴマー含む特徴する有機エレクトロニクス材料及び該有エレクトロニクス材料含むインク組成前記有機エレクトロニクス材料用いて作製さた有機薄膜該有薄膜含む有機エレクトロニクス素子有機エレクトロルミネセンス素子である選択なし	0					
良好な効率及び発光ライン形状ＰＨＯＬＥＤデバイス近赤又は赤発光する新規な配位子及び金属錯体の提供解決手段３つの縮合環又はヘテロ環含む金属錯体のの新規配位子含む第１の環イリジウム金属配位するピリジン又はピリミジン環であるできる第２の環窒素原子含んで含んでなくて６環であるできる第３の環５又は６環であるできるこれらの芳香環の組合せＰＨＯＬＥＤデバイス近赤又は赤発光提供さ配位子の下部の環良好な効率及び発光ライン形状もたらすアルキルさた環又はヘテロ環である選択１	0					
良好な有機ＥＬ性能示す有機ＥＬ素子実現する化合物該化合含み良好な有機ＥＬ性能示す有機ＥＬ素子及び該有ＥＬ素子含む電子機器の提供解決手段例えば化合物１含む有機ＥＬ素子及び該有ＥＬ素子含む電子機器選択なし	0					
良好な有機ＥＬ性能示す有機ＥＬ素子実現する化合物該化合含み良好な有機ＥＬ性能示す有機ＥＬ素子及び該有ＥＬ素子含む電子機器提供する解決手段下記表さ化合物選択なし	0					
燐光ＯＬＥＤののホスト物質提供する解決手段新規なアリールケイ素及びアリールゲルマニウムホスト物質記載してこれらの化合物ＯＬＥＤの発光のホスト用いた場合そのＯＬＥＤデバイス特性向上さ選択３	0					
燐光ＯＬＥＤののホスト物質提供する解決手段新規なアリールケイ素及びアリールゲルマニウムホスト物質記載してこれらの化合物ＯＬＥＤの発光のホスト用いた場合そのＯＬＥＤデバイス特性向上さ選択３	0					
隣接する電極領域のクロストーク回避するの費用時間かからない有機電子デバイス作成する方法提供する解決手段ａａａ第一電極構造および非電極有する基板３１ｂｂグリッド材料３２形成さたグリッドであってグリッドの複数の開口領域第一電極構造の少なくとも一部の上方配置さグリッド材料非電極の少なくとも一部の上方配置さてグリッドとｃｃ少なくとも１Ｅ‐７Ｓ／ｃｍの導有する少なくとも一層のレドックスドープ含む積層３３であってグリッド堆積さ積層と含む有機電子デバイス作成する工程とｂ前記構造持続時間１０ｓでありエネルギー１パルス０．１２０Ｊ／ｃｍ２または１１０Ｊ／ｃｍ２である光パルス照射する工程と含む方法選択３	0					
解決手段アノード２１５とカソード２６０との配置さて発光２３５電子輸送化合物及びリン光発光ドーパント化合含みリン光発光ドーパント化合物発光２３５カソード２６０発光２３５のアノード２１５向かって変化する濃度勾配有する有機発光デバイス２００効果発光２３５励起子形成領域広がるデバイスの寿命延ばすできる選択２	0					
下記一般表さ化合物発光用いた有機エレクトロルミネッセンス素子発光効率高くて安価に製造するできるＲ１〜Ｒ８およびＲ１７の少なくとも１つ電子供与基他水素原子表しＲ９〜Ｒ１６の少なくとも１つα位非共有電子対持たない電子吸引基他水素原子表しＺ単結合またはまたは>Ｃ＝Ｙ表しＹＯＳＣＣＮ２またはＣＣＯＯＨ２表すただしＺ単結合であるＲ９〜Ｒ１６の少なくとも１つα位非共有電子対持たない電子吸引基である	0					
下記１表さアントラセン誘導体式１Ｌ１単結合及び連結基選択さ前記連結基２のアリーレン基２の複素環基及び２のアリーレン基及び／又は２の複素環基２〜４連結して形成さ基選択さＡｒ１下記２及び３選択さ式２３Ｘ酸素原子及び硫黄原子選択さ式２Ｒ１１〜Ｒ１４のいずれ１つＬ１の結合用い式３Ｒ２１〜Ｒ２４のいずれ１つＬ１の結合用いＡｒ２置換もしくは無置換の環形成炭素数６〜５０のアリール基及び置換もしくは無置換の環形成原子数５〜５０の複素環基選択さ	0					
下記１表さインドロカルバゾールなる電荷輸送物質とドーパント物質と有機溶媒と含む[１]	0					
下記１表さ化合物	0					
下記１表さ化合物式１Ａｒ１〜Ａｒ４の少なくとも１つ下記２表さ基である式２Ｒ１１〜Ｒ１８それぞれ独立して前記１のＮと結合する単結合水素原子ハロゲン原子シアノ基置換若しくは無置換の炭素数１〜１５のアルキル基置換若しくは無置換の炭素数３〜４５のアルキルシリル基置換若しくは無置換の環形成炭素数８〜５０のアリールシリル基置換若しくは無置換の炭素数１〜１５のアルコキシ基置換若しくは無置換の環形成炭素数６〜３０のアリールオキシ基置換若しくは無置換の炭素数１〜１５のアルキルチオ基置換若しくは無置換の環形成炭素数６〜３０のアリールチオ基置換若しくは無置換の環形成炭素数６〜３０のアリール基又は置換若しくは無置換の環形成原子数５〜３０のヘテロアリール基でありＲ１１〜Ｒ１８の隣接する任意の２つ互いに結合して環形成してよくＸ１酸素原子又は硫黄原子示す	0					
下記１表さ化合物式１Ａｒ置換もしくは無置換の環形成炭素数６〜３０のアリール基でありＲａそれぞれ置換もしくは無置換の炭素数１〜１５のアルキル基又は置換もしくは無置換の炭素数３〜１５の環状アルキル基でありＲｂ１〜Ｒｂ４それぞれハロゲン原子シアノ基置換もしくは無置換の炭素数１〜１５のアルキル基等でありＲｃ１〜Ｒｃ１０それぞれ水素原子ハロゲン原子シアノ基置換もしくは無置換の炭素数１〜１５のアルキル基等であり＊Ｒｃ１〜Ｒｃ１０のいずれ窒素原子の結合位置示しｘ０〜３の整数でありｙ０〜４の整数でありｚそれぞれ０〜５の整数である	0					
下記１−１表わさ化合物	0					
基板と基板平面並列配置さてなる第１の発光素子及び第２の発光素子有する有機ＥＬ多色発光装置であって第１の発光素子陽極と陰極の間陽極第１の有機第２の有機及び第３の有機基板平面垂直方向この順有し第２の発光素子陽極と陰極の間陽極第２の有機及び第３の有機基板平面垂直方向この順有し前記第１の有機第１の発光ドーパント含み前記第３の有機第２の発光ドーパント含み前記第２の有機それぞれ下記１〜６表さ化合物のいずれ含む有機ＥＬ多色発光装置	0					
中性の少なくとも1つの第一の化合物少なくとも1つのイオンドーパントと第一の溶媒組み合わせて第一のドープさた反応生成提供する段階固体の第一のドープさた反応生成単離する段階および単離した第一のドープさた反応生成中性の少なくとも1つの共役ポリマーと第二の溶媒組み合わせて共役ポリマーの酸化第一の化合物の中性含む第二のドープさた反応生成生成する段階含む方法開示する長所より良い安定性使用の容易および低い金属含有量含ま適用OLED含む有機電子デバイス含ま	0					
複数のＯＬＥＤ画素含むアクティブＯＬＥＤディスプレイであって前記ＯＬＥＤ画素の各々アノードカソードおよび有機のスタック含み前記有機のスタック前記カソード前記アノードの間接触して設け電子輸送と正孔輸送と前記正孔輸送前記電子輸送の間設けた発光と前記複数のＯＬＥＤ画素の画素個別に駆動するに構成さた駆動回路と備え前記複数のＯＬＥＤ画素共通の正孔輸送複数のＯＬＥＤ画素の有機のスタック設けた正孔輸送形成さ前記共通の正孔輸送正孔輸送マトリックス材料少なくとも１つの電気なｐドーパント含み前記正孔輸送材料の導１×１０−３Ｓ・ｍ−１小さく１×１０−８Ｓ・ｍ−１大きい特徴する	0					
本発明の化合物下記一般１表さ特徴する下記一般１Ｃｚ下記一般１ａ表さＡｚ下記一般１１表さ	0					
本発明の課題素子の駆動電圧下げる可能であり安定性良好な有機エレクトロルミネッセンス素子材料有機エレクトロルミネッセンス素子表示装置及び照明装置提供するである本発明の有機エレクトロルミネッセンス素子材料一般１表さＬＵＭＯの７０Ｌ局在して且つＨＯＭＯの６０Ａ2局在してＡ1分布するＨＯＭＯ及びＬＵＭＯ７である表示装置及び照明装置この素子材料含む有機エレクトロルミネッセンス素子具備する式Ａ1及びＡ2互いに同一の環なる縮合芳香複素環例；カルバゾール環表しＬ二の連結基表しＨＡｒ含窒素複素環基又は電子吸引基表すＲ1及びＲ2それぞれ独立ＨＡｒ異なる置換基表すｓ及びｔそれぞれ独立０の整数でありｕ１の整数である	0					
本発明の有機ＥＬ素子陽極２第一正孔輸送４第二正孔輸送５発光６電子輸送７および陰極８この順有して第二正孔輸送５下記一般１；１表さアリールアミン誘導体含有し電子輸送７下記一般２；２表さピリミジン化合含有して特徴する	0					
本発明の有機エレクトロルミネッセンス素子用材の回収方法複数の有機エレクトロルミネッセンス素子材料含む混合物超臨界又は亜臨界クロマトグラフィー回収し複数の有効成分得る	0					
陽極と陰極の間発光含む２の有機薄膜有し前記発光下記１表わさ化合物少なくとも１つ含み前記発光の陰極発光接する有機薄膜下記Ａ表わさベンズイミダゾール化合少なくとも１つ含む有機エレクトロルミネッセンス素子	0					
本発明解決しようする課題屈折率異Δｎ及びネマチック−液体転移温度Ｔｎｉ十分高く粘η十分に小さく回転粘性γ１十分に小さく弾性定数Ｋ３３大きく誘電率異Δε大きい又は絶対値大きな負のΔε有し更にＵＶ照射液晶組成の信頼性低下少ない液晶組成提供し更にこれ用いた表示品位の優れた応答速度速い液晶表示素子提供するある解決手段本発明者鋭意努力して検討した結果特定の化学構造有する重合化合と非重合の液晶化合成り前記特定の化学構造有する重合化合物特定の割合含有する重合化合物含有液晶組成またこれ用いた液晶表示素子上記課題解決できる見出し本願発明完成する至った選択なし	1					
光学電気光学および電子目的のの具体的ＬＣディスプレイ特にＰＳＡポリマー維持配向タイプのＬＣディスプレイ重合化合物提供する解決手段この課題重合化合物その製造のの方法および中間体それら含む液晶ＬＣ媒体および本発明の重合化合物およびＬＣ媒体の使用であって光学電気光学および電子目的のの具体的ＬＣディスプレイ特にＰＳＡポリマー維持配向タイプのＬＣディスプレイ前記使用提供する解決さ選択なし	1					
熱や光高い安定性高い透明液晶低い下限温度小さな粘適切な光学異大きな誘電率異適切な弾性定数他の液晶化合物の優れた相溶性などの物性の少なくとも１つ充足する液晶化合物この化合含有する液晶組成この組成含む液晶表示素子提供する解決手段１表さ化合物式１Ｒ１アルケニルなどであり；環Ａ１および環Ａ２１，４−シクロヘキシレン１，４−フェニレンなどであり；Ｚ１Ｚ２およびＺ３単結合−ＣＯＯ−などであり；Ｘ１水素フッ素などであり；Ｌ１Ｌ２Ｌ３およびＬ４水素またはフッ素であり；ａおよびｂそれぞれ独立して０または１でありａとｂの和１でありそしてａ１の環Ａ１および環Ａ２の少なくとも１つ１，４−シクロヘキシレンである選択なし	1					
キラル液晶含有材料特定の顔料使用したカラーフィルタ用いるで液晶の電圧保持ＶＨＲの低下防止し白抜け配向むら焼き付けなどの表示不良の問題解決する液晶表示装置提供する解決手段第一の基板と第二の基板と前記第一の基板と第二の基板挟持さた液晶とブラックマトリックス及び少なくともＲＧＢ三画素構成さカラーフィルタと画素電極共通電極と備え前記液晶少なくとも２種類のアキラルな液晶化合物含むネマチック液晶組成と少なくとも１種類のキラル化合含むキラル液晶含有材料構成さ前記ＲＧＢ三画素色Ｒ画素特定の顔料含有する特徴する液晶表示装置選択２	1					
ネマチック高い上限温度ネマチック低い下限温度小さな粘適切な光学異正に大きな誘電率異大きな比抵抗紫外線や熱高い安定性などの特性少なくとも１つのまたは少なくとも２つの特性適切なバランス有する液晶組成提供する短い応答時間大きな電圧保持大きなコントラスト長い寿命など有するＡＭ素子提供する解決手段第一成分高い上限温度および小さな粘有する特定の化合物および第二成分大きな正の誘電率異有する特定の化合物含有し第三成分高い上限温度または小さな粘有する特定の化合物第四成分正の誘電率異有する特定の化合物または第五成分負の誘電率異有する特定の化合物含有してよくそしてネマチック有する液晶組成およびこの組成含有する液晶表示素子である選択なし	1					
液晶の配向およびプレチルトの制御優れ高い電圧保持VHR有する残留電圧RDC低い液晶配向および当該液晶配向用いる重合体当該重合体構成する化合物および当該液晶配向用いた液晶表示素子提供する解決手段一般１１表さ化合物およびこの化合含む組成加水分解・縮合して得ポリオルガノシロキサンおよびこれ用いた液晶配向提供する選択なし	1					
可視光の光量低減するなく近赤外線測定対象の情報担持する光の偏光情報検出できる偏光イメージセンサーおよび偏光イメージセンサーの製造方法の提供課題する解決手段２に配置さた固体撮像素子有するセンサーアレイと近赤の偏光反射しそれ透過する反射偏光板と同一面固体撮像素子の１または複数対応する複数の領域分割さ互いに遅相軸の方向異なる領域二有するパターン位相板と有しセンサーアレイとパターン位相板の間反射円偏光板有する課題解決する選択１	1					
高い上限温度低い下限温度小さな粘大きな光学異大きな誘電率異大きな弾性定数などの特性少なくとも１つの特性充足するまたは少なくとも２つの特性適切なバランス有する液晶組成およびこの組成含むＡＭ素子提供する解決手段第一成分負大きな誘電率異有する特定の化合物含有し第二成分高い上限温度または小さな粘有する特定の化合物第三成分負の誘電率異有する特定の化合物または第一添加重合基有する特定の化合物含有して液晶組成である選択なし	1					
高い上限温度低い下限温度小さな粘適切な光学異大きな誘電率異小さな周波数依存性などの特性少なくとも１つの特性充足するまたは少なくとも２つの特性適切なバランス有する液晶組成およびこの組成含むＡＭ素子提供する解決手段第一成分大きな正の誘電率異有する特定の化合物および第二成分小さな粘有する特定の化合物含有し第三成分高い上限温度または小さな粘有する特定の化合物第四成分正の誘電率異有する特定の化合物または第五成分負の誘電率異有する特定の化合物含有して液晶組成である選択なし	1					
高い上限温度低い下限温度小さな粘適切な光学異大きな誘電率異短いらせんピッチなどの特性少なくとも１つの特性充足するまたは少なくとも２つの特性適切なバランス有する液晶組成およびこの組成含むＡＭ素子提供する解決手段添加物特定の光学活性化合物第一成分高い上限温度または小さな粘有する特定の化合物含有し第二成分正の誘電率異有する特定の化合物または第三成分負の誘電率異有する特定の化合物含有して液晶組成である選択なし	1					
高い上限温度低い下限温度小さな粘適切な光学異大きな誘電率異などの特性少なくとも１つの特性充足するまたは少なくとも２つの特性適切なバランス有する液晶組成およびこの組成含むＡＭ素子提供する解決手段第一成分正の誘電率異有する特定の化合物および第二成分小さな粘有する特定の化合物含有し第三成分正の誘電率異有する特定の化合物第四成分高い上限温度または小さな粘有する特定の化合物または第五成分負の誘電率異有する特定の化合物含有して液晶組成である選択なし	1					
高い上限温度低い下限温度小さな粘適切な光学異負大きな誘電率異大きな比抵抗光高い安定性熱高い安定性のな特性少なくとも１つの特性充足するまたは少なくとも２つの特性適切なバランス有する液晶組成およびこの組成含むＡＭ素子提供する解決手段第一添加式１表さ化合物および第一成分大きな負の誘電率異有する特定の化合物含有し第二成分高い上限温度または小さな粘有する特定の化合物または第二添加重合基有する特定の化合物含有して液晶組成である選択１	1					
高い上限温度低い下限温度小さな粘適切な光学異負大きな誘電率異大きな比抵抗紫外線高い安定性熱高い安定性などの特性少なくとも１つの特性充足するまたは少なくとも２つの特性適切なバランス有する液晶組成提供する短い応答時間大きな電圧保持低いしきい値電圧大きなコントラスト長い寿命などの特性有するＡＭ素子提供する解決手段第一成分負大きな誘電率異有する特定の化合物第二成分小さな粘有する特定の化合物含有しそして負の誘電率異有する液晶組成でありこの組成第三成分高い上限温度または小さな粘有する特定の化合物第四成分負の誘電率異有する特定の化合物または添加物成分重合基有する特定の化合物含有して選択なし	1					
高い上限温度低い下限温度小さな粘適切な光学異負大きな誘電率異などの特性少なくとも１つの特性充足するまたは少なくとも２つの特性適切なバランス有する液晶組成およびこの組成含むＡＭ素子提供する解決手段第一添加重合化合物含有し第一成分大きな負の誘電率異有する特定の化合物または第二成分高い上限温度または小さな粘有する特定の化合物含有して液晶組成である選択なし	1					
高い上限温度低い下限温度大きな弾性定数適切な光学異負大きな誘電率異などの特性少なくとも１つの特性充足するまたは少なくとも２つの特性適切なバランス有する液晶組成およびこの組成含むＡＭ素子提供する解決手段第一成分高い上限温度低い下限温度大きな弾性定数そして負大きな誘電率異有する特定の化合物第二成分高い上限温度または小さな粘有する特定の化合物第三成分負の誘電率異有する特定の化合物または添加物成分重合基有する特定の化合物含有して液晶組成である選択なし	1					
重合液晶組成と溶媒と含む重合液晶組成溶液基塗布し重合液晶組成溶液減圧工程含む方法液晶重合膜作製する曇り発生する防ぐ重合液晶組成提供する解決手段重合液晶組成溶液基塗布し続けて１１０Ｐａなる条件下５減圧した大気圧室温１放置して得た重合液晶組成の膜のＨａｚｅ０．３である重合液晶組成する選択なし	1					
重合体の作用液晶分子の垂直配向達成可能な液晶組成この組成含有する液晶表示素子提供する解決手段第一添加極性化合含有し負の誘電率異有するネマチック液晶組成でありこの組成第一成分負大きな誘電率異有する特定の液晶化合物第二成分高い上限温度または小さな粘有する特定の液晶化合物第二添加重合化合物および第三添加極性化合含有してよくそしてこの組成含有する液晶表示素子である選択なし	1					
新規な二色化合物該化合含有してなる液晶組成液晶素子提供する解決手段一般(１)表さ二色化合物該化合含有してなる液晶組成液晶素子式Ａｒ１アルキル基置換さててフェニル基あるいはアルキル基置換さててナフチル基表しＡｒ２ハロゲン原子置換さてフェニル基フルオロアルキル基置換さてフェニル基アルコキシ基置換さてフェニル基あるいはフルオロアルコキシ基置換さてフェニル基表す選択なし	1					
透明性および視野優れる３Ｄ表示透明スクリーンおよび３Ｄ表示システム提供する波長選択有する複数のドット有しドットコレステリック構造有する液晶材料なりコレステリック構造走査型電子顕微鏡観測さドットの断面図明部と暗部の縞模様与えドットドットの端中心向かう方向最大高さまで連続に増加する高さ有する部位含みこの部位基板反対のドットの表面１の暗部なすの法線とドットの表面のなす角度７０°〜９０°の範囲であり複数のドット右円偏光および左円偏光反射する	1					
配向膜形成しない場合であって表示不良及び電圧保持の低下発生し液晶表示装置提供する解決手段最表面実質的配向膜構成さてない一対の基板と該一対の基板挟持さ液晶材料含有する液晶と該一対の基板のの少なくとも一方の基板の表面形成さ液晶分子配向制御するポリマー備え該ポリマー液晶添加さた二のラジカル重合モノマー重合する形成さたであり該ラジカル重合モノマーの少なくとも一つ光照射水素引き抜き反応ケチルラジカル生成する構造有する化合物である液晶表示装置である選択１	1					
本願発明の課題液晶テレビ用途適した高速応答かつ耐光と低温安定性優れた誘電率異負の液晶組成提供する及びこれ使用した液晶表示素子提供するある解決手段第一成分式(1)１表さ化合物含有し第二成分誘電率異Δε負その絶対値3大きな化合含有しネマチック-液体転移温度60℃〜120℃であり固体相又スメクチック-ネマチック転移温度-80℃〜-20℃であり屈折率異Δn0.05〜0.15であり誘電率異Δε-1.5〜-8.0である特徴するネマチック液晶組成及び当該液晶組成構成部材する液晶表示素子提供する本願発明の液晶表示素子応答速度速く優れた耐光と低温安定性有するVAモードIPSモード又はECBモード非常に有用である選択なし	1					
本発明解決しようする課題カルボキシル基有する脂環炭化水素化合物の製造方法当該製造方法得た化合物製造さ化合物当該化合含有する組成提供するである解決手段本願発明一般Ｉ−Ｄ１表さ化合物一般Ｉ−Ｅ１表さ化合誘導する一般Ｉ−Ｅ表さ化合物の製造方法提供し当該製造方法得た化合物製造さ化合物当該化合含有する組成提供する選択なし	1					
本発明解決しようする課題屈折率異Δｎ及びネマチック−液体転移温度Ｔｎｉ低下さなく粘η十分に小さく回転粘性γ１十分に小さく弾性定数Ｋ３３大きくＵＶ照射の電圧保持ＶＨＲＵＶ高く絶対値大きな負の誘電率異Δε有する液晶組成提供し更にこれ用いたＶＡの表示不良ない又は抑制さた表示品位の優れた応答速度速い液晶表示素子提供するある解決手段一般ａ１表さ化合物１又は２含有する液晶組成及びこれ用いた液晶表示素子提供する選択なし	1					
本発明解決しようする課題高いコントラスト高い溶解高いネマティック−アイソトロピック転移温度TNI高耐光及び高耐熱性有効な低い複屈折異Δn同時に満たす二色色素含有する液晶組成提供する及びこれ用いた液晶表示素子または素子提供するある解決手段一般Ｌ表さ化合物１種類又は２種類とアゾ化合物選択さ二色色素３種類又は４種類含有する液晶組成及びこれ用いたゲストホストの液晶表示素子または素子提供する本発明の液晶組成用いるで見た目良好な黒色呈し高いコントラスト高い表示品位高い実用備えた液晶表示素子または素子得選択なし	1					
本発明解決しようする課題重合組成添加した結晶の析出起こらず高い保存安定性有するな重合化合物提供し当該重合化合物含有する重合組成重合して得フィルムの重合作製したムラ生じ重合組成提供するである更に当該重合組成重合さ得重合体及び当該重合体用いた光学異方体提供するである解決手段本願発明一般Ｉ１表さ化合物提供し併せて当該化合含有する組成当該組成重合さ得重合体及び当該重合体用いた光学異方体提供する選択なし	1					
本発明解決しようする課題速い重合速度大きなチルトの形成高いチルトの安定性高い電圧保持ＶＨＲ同時に達成できる重合化合物含有液晶組成及びこれ用いたＰＳＡ又はＰＳＶＡの液晶表示素子提供するある解決手段本発明の液晶組成特定の重合化合物特定の含有量複数組み合わせて含有する液晶組成提供しあわせて該液晶組成用いた液晶表示素子提供する上記課題解決する選択なし	1					
本発明解決しようする課題誘電率異Δε負でありＴＮＩ高くΔｎ大きくγ１小さくＫ３３大きくγ１／Ｋ３３小さい液晶組成提供するでありこれ用いた応答速度速く高いＶＨＲ有した表示不良無い極めて少ないＶＡ型またはＦＦＳまたはＩＰＳ液晶表示素子提供するある解決手段本発明の液晶組成一般ＳＡの化合物含有する液晶組成上記課題解決する選択なし	1					
本発明湿熱耐久性優れた光学積層液晶表示装置および有機電界発光装置提供する課題する解決手段位相と光吸収異有する光学積層であって位相下記Ｉ表さ重合液晶化合含有する重合液晶組成重合して得層であり光吸収異モルホリン環有する化合物含有する光学積層選択なし	1					
誘電率異大きく粘の低い液晶組成提供する及び高コントラスト高速応答同時に耐光高く焼き付きや表示不良発生しない表示品質優れた液晶表示素子提供する解決手段本発明の液晶組成酸結合する化合物１又は２含有する液晶組成提供する当該液晶組成液晶ディスプレイ液晶組成非常に実用であり高コントラスト高速応答及び高品質信頼有効である選択なし	1					
ＦＦＳモードの電極距離起因する電位差勾配の大きい液晶表示素子下記一般Ｉ表さ化合物選ば少なくとも１種類の化合物及び下記一般ＩＩ表さ化合物選ば少なくとも１種類の化合物含有する液晶表示素子提供する本発明の液晶表示素子誘電率異粘ネマチック上限温度低温のネマチック安定性γ１の液晶表示素子の諸特性及び表示素子の焼き付き特性悪化さ無くＦＦＳモードの電極距離起因する電位差勾配の大きい液晶表示素子用いるフリッカの優れた表示特性実現可能な誘電率異負の液晶組成用いた液晶表示素子提供する	1					
ケイ皮酸などの反応化合物含有しこの化合の作用液晶分子の配向制御さた液晶組成および液晶表示素子提供する添加物反応化合物第一成分大きな正の誘電率異有する特定の化合物含有し第二成分高い上限温度または小さな粘有する特定の化合物または第三成分大きな負の誘電率異有する特定の化合物含有して液晶組成である	1					
ディスプレイスクリーン含む透明ディスプレイ開示さて本ディスプレイスクリーン第１の透明基板配置さ第１の透明導含む第１のフィルムと第２の透明基板配置さ第２の透明導含む第２のフィルム含むスペーサービーズ含有する第１の高分子液晶組成第１のフィルムと第２のフィルムの間配置さ第１の透明導体及び第２の透明導の少なくとも一方成形さて又は第１の透明導体及び第２の透明導の少なくとも一方パターン形成さてまたディスプレイスクリーンとディスプレイスクリーン又はディスプレイスクリーン介して光投影するの照明デバイス含むディスプレイシステム開示さ最終的ディスプレイスクリーンの構築方法開示さ	1					
ネマチック高い上限温度ネマチック低い下限温度小さな粘適切な光学異大きな誘電率異大きな比抵抗紫外線高い安定性熱高い安定性などの特性少なくとも１つの特性充足するまたは少なくとも２つの特性適切なバランス有する液晶組成提供する短い応答時間大きな電圧保持大きなコントラスト長い寿命など有するＡＭ素子提供する第一成分大きな誘電率異有する特定の化合物および第二成分小さな粘性有する特定の二環化合含有し第三成分高い上限温度または大きな誘電率異有する特定の化合物および第四成分高い上限温度または小さな粘有する特定の化合物含有してよくそしてネマチック有する液晶組成およびこの組成含有する液晶表示素子である	1					
ネマチック高い上限温度ネマチック低い下限温度小さな粘適切な光学異大きな誘電率異大きな比抵抗紫外線高い安定性熱高い安定性などの特性少なくとも１つの特性充足するまたは少なくとも２つの特性適切なバランス有する液晶組成提供する短い応答時間大きな電圧保持大きなコントラスト長い寿命など有するＡＭ素子提供する第一成分大きな誘電率異有する特定の化合物含有し第二成分高い上限温度または小さな粘有する特定の化合物および第三成分大きな誘電率異有する特定の化合物含有してよくそしてネマチック有する液晶組成およびこの組成含有する液晶表示素子である	1					
ネマチック高い上限温度ネマチック低い下限温度小さな粘適切な光学異大きな誘電率異大きな比抵抗紫外線や熱高い安定性大きな弾性定数などの特性少なくとも１つまたは少なくとも２つの特性適切なバランス有する液晶組成提供する短い応答時間大きな電圧保持低いしきい値電圧大きなコントラスト長い寿命など有するＡＭ素子提供する添加物成分消光および第一成分正に大きな誘電率異有する特定の化合物含有する液晶組成およびこの組成含有する液晶表示素子でありこの組成第二成分高い上限温度または小さな粘有する特定の化合物または第三成分負の誘電率異有する特定の化合物含有して	1					
ネマチック高い上限温度ネマチック低い下限温度小さな粘適切な光学異負大きな誘電率異大きな比抵抗紫外線高い安定性熱高い安定性などの特性少なくとも１つの特性充足するまたは少なくとも２つの特性適切なバランス有する液晶組成提供する短い応答時間大きな電圧保持大きなコントラスト長い寿命など有するＡＭ素子提供する第一成分負大きな誘電率異有する特定の化合物および第二成分小さな粘有する二環化合含有し第三成分負大きな誘電率異有する特定の化合物および第四成分小さな粘有する特定の化合物第五成分負大きな誘電率異有する特定の化合物含有して負の誘電率異有する液晶組成およびこの組成含有する液晶表示素子である	1					
ネマチック高い上限温度ネマチック低い下限温度小さな粘適切な光学異負大きな誘電率異大きな比抵抗紫外線高い安定性熱高い安定性などの特性少なくとも１つの特性充足するまたは少なくとも２つの特性適切なバランス有する液晶組成提供する短い応答時間適切なプレチルト大きな電圧保持大きなコントラスト長い寿命など有するＡＭ素子提供する第一成分重合可能な基有する特定の化合物含有し第二成分負大きな誘電率異および低い下限温度有する特定の化合物または第三成分小さな粘または大きな上限温度有する特定の化合物含有して液晶組成およびこの組成含有する液晶表示素子する	1					
ポリハロゲン亜鉛フタロシアニン黄色顔料バインダー樹脂および下記一般１の化合物含有し該黄顔料ＣＩピグメントイエロー１３８およびＣＩピグメントイエロー１８５選ばた顔料である着色樹脂組成本発明酸素遮断の透過率保持高い着色樹脂組成提供する目的する１	1					
一般１表さ２−フルオロフェニルオキシメタン構造有する化合物式Ｒ１アルキル基等Ａ１及びＡ２１，４−シクロヘキシレン基又は１，４−フェニレン基等Ａ３一般Ａ−１又はＡ−２表さ基式Ｗフッ素原子Ｙ２Ｙ３及びＹ４水素原子又はフッ素原子表すＺ１及びＺ２単結合Ｙ１フッ素原子ｍ及びｎ０１２又は３それぞれ表しｍ＋ｎ３表す他の液晶化合の高い混和有して当該化合液晶組成の成分する低粘広い温度範囲液晶示し高い保存安定性高い透明Ｔ−ｉ併せ持つ液晶組成得るでき高速応答優れた表示特性有する液晶表示素子得るできる	1					
一般ｉ一般ｉｉ及び一般ｉｉｉ表さ化合物選ば１又は２の化合物及び下記一般ＩＩ表さ化合物選ば１又は２の化合物含有するＦＦＳの液晶表示素子提供する当該表示素子誘電率異粘ネマチック上限温度低温のネマチック安定性γ１の液晶表示素子の諸特性及び表示素子の焼き付き特性悪化さ無く優れた表示特性実現可能である	1					
一般ｉ表さ化合物１又は２含有し一般Ｎ−１Ｎ−２及びＮ−３表さ化合物選ば化合物１種類又は２種類含有し一般Ｌ表さ化合物１種類又は２種類含有する組成する誘電率異粘ネマチック上限温度低温のネマチック安定性γ１の液晶表示素子の諸特性及び表示素子の焼き付き特性悪化さ無く製造の滴下発生しＯＤＦ工程安定した液晶材料の吐出実現する液晶表示素子適する液晶組成及びそれ用いた液晶表示素子提供する	1					
液晶の垂直配向性高く光学特性良好でありかつ液晶と液晶配向膜の密着高く更に高温湿や光照射の環境特性維持できる液晶表示素子の提供電極備えた一対の基板の間配置した液晶及び重合化合物含む液晶組成紫外線の照射硬化なる液晶有しかつ基板の少なくとも一方液晶垂直に配向さな液晶配向膜備える液晶表示素子であって前記液晶組成下記１−１ａの化合物及び下記２−１ａの化合物含み前記液晶配向膜下記４−１ａ又は式４−２ａ有する重合体含む液晶配向処理得１	1					
液晶の垂直配向性高く電圧無印加の透明性と電圧印加の散乱特性良好でありかつ液晶密着高い液晶表示素子提供する電極備えた一対の基板の間配置した液晶及び重合化合物含む液晶組成紫外線照射して硬化さた液晶有しかつ基板の少なくとも一方液晶垂直に配向さ液晶配向膜備える液晶表示素であって式１示さ化合物含有しかつ下記の式２−１又は式２−２示さ鎖構造と下記の式３示さ鎖構造有する重合体含有する液晶配向処理得１Ｘ１：１−ａ〜１−ｇＸ２Ｘ３Ｘ４及びＸ６：単結合Ｘ５及びＸ７：ベンゼン環等Ｘ８：Ｃ１〜１８のアルキル基等２ＸＡ：ＨＸＢ：ベンゼン環等ＸＣ：Ｃ１〜１８のアルキル基等３Ｙ１Ｙ２及びＹ３：単結合Ｙ４及びＹ５：ベンゼン環等Ｙ６：Ｃ１〜１８のアルキル基等４Ｙ７：単結合Ｙ８：Ｃ８〜２２のアルキル基等	1					
液晶組成添加した保存安定性確保できＰＩ省略して液晶分子自発的垂直配向さ配向助提供するまた保存安定性優れＰＩ省略して液晶分子の垂直配向可能な液晶組成及び該液晶組成用いた液晶表示素子提供する本発明の配向助２つの基板液晶分子配置さ前記液晶分子自発的配向さこの配向助前記基板親和性有する少なくとも１つの第１の親和性基含む第１の化合と前記基板親和性有しかつ前記第１の親和性基極性低い少なくとも１つの第２の親和性基含む第２の化合と含有する特徴する	1					
液晶組成の溶解大きく反応高い重合化合物の提供ネマチック高い上限温度ネマチック低い下限温度小さな粘適切な光学異負大きな誘電率異大きな比抵抗高い紫外線安定性高い安定性の特性少なくとも１つの特性充足し２つの特性適切なバランス有する液晶組成の提供短い応答時間大きなプレチルト小さな残留モノマー濃度大きな電圧保持大きなコントラスト長い寿命有するＰＳＡ素子の提供ＰＳＡ素子製造工程高重合度の高分子構造体の構築安定した表示得る１つの連結基あるいは同じでない反応基導入した重合化合物これ含有する液晶組成およびこの組成含有する液晶表示素子	1					
液晶表示装置１００一対の基板１０３０保持さた液晶４２であって誘電異正の１または複数のポジ液晶化合と誘電異負の１または複数のネガ液晶化合含みポジ液晶化合の合計の含有量ネガ液晶化合の合計の含有量下回らない液晶と一対の基板設けた複数の直線部分およびスリット有する画素電極２４および画素電極絶縁さた共通電極２２と備え画素電極共通電極と液晶正極性および負極性の画素電圧６０Ｈｚの周波数切り替えて印加さに構成さて	1					
下記のＡ成分Ｂ成分及びＣ成分含有する液晶配向処理Ａ成分：ヘテロポリ酸Ｂ成分：重合体Ｃ成分：分子窒素含有芳香複素環有する化合物	1					
下記一般ｉ式Ｒｉ炭素原子数１〜５のアルキル基表す表さ化合物及び下記ｉｉ表さ化合物含有する液晶組成およびこれ用いた液晶表示素子提供する１	1					
下記一般ｉ表さ化合物１又は２含有し下記一般ｉｉ表さ化合物１又は２含有する液晶組成	1					
下記１示さ繰り返し単位有するポリイミド前駆体及び下記１示さ繰り返し単位有しイミド５０であるポリイミド選択さ少なくとも一種の重合体含有する液晶配向基板塗布した焼成するイミド５０〜７０の液晶配向膜得る[１]式１Ａ１２の有機基でありＡ２２の有機基でありＣ１及びＣ２水素原子又は炭素数１〜３のアルキル基でありそれぞれ同じであって異なって	1					
化学に高い安定性液晶分子配向さ高い能力有しそして液晶表示素子用いた場合の電圧保持大きい極性化合提供する式１表さ化合物する例えばＲ１炭素数１〜１５のアルキルであり；環Ａ１〜Ａ５１，４−シクロキシレンまたは１，４−フェニレンであり；Ｚ１およびＺ５単結合または炭素数１１０のアルキレンであり；ａおよびｂ０〜４でありａおよびｂの和４であり；ｄ１〜４であり；ｃおよびｅ０〜４であり；Ｐ１〜Ｐ３式Ｐ−１〜Ｐ−５表さ重合基であり；Ｍ１〜Ｍ３水素または炭素数１５のアルキルであり；Ｒ２式１ａ〜１ｃ表さ基であり：Ｓｐ１〜Ｓｐ５単結合または炭素数１１０のアルキレンであり；Ｓ１>ＣＨ−であり；Ｓ２>Ｃ<であり；Ｘ１−ＯＨである	1					
基中間層及びコレステリック樹脂この順備えるコレステリック樹脂積層であって前記積層１３０８加熱した前後前記コレステリック樹脂の反射帯域中心波長の差５０ｎｍであるコレステリック樹脂積層その製造方法並びにそれ含む本発明の反射材表示媒体及び加飾用材	1					
逆波長分散重合液晶化合重合モノマー含有する組成Ａ硬化さてなる光学異有する位相板であって前記逆波長分散重合液晶化合物分子主鎖メソゲン前記鎖メソゲン結合した鎖メソゲンと有し前記鎖メソゲン及び前記鎖メソゲン異なる方向配向しそれ前記光学異の複屈折Δｎ逆波長分散特性有し前記組成Ａ重合モノマー前記逆分散重合液晶化合置換した組成Ａ０硬化さてなる層のリタデーションと前記光学異のリタデーションと所定の関係満たす位相板；及びそれ含む円偏光板及び表示装置	1					
逆波長分散の複屈折発現できる液晶化合物及び重合開始剤含む液晶組成の硬化形成さた液晶硬化含む液晶硬化フィルムの製造方法であって前記液晶組成の層形成する工程と前記液晶組成の層含ま前記液晶化合物配向さ工程と前記液晶組成の層硬化さ工程と含み前記液晶化合物配向さ工程の前記と同一温度条件前記液晶組成前記重合開始剤除いた試験組成の残留粘８００ｃＰである液晶硬化フィルムの製造方法	1					
屈折率異Δｎ調整さネマチックの温度範囲悪化さなく粘η十分に低くなおかつ誘電率異Δε正の液晶組成正の誘電率異有する液晶組成であって前記液晶組成一般ＬＣ０表さ化合物選ば１又は２の化合物含有しさらに一般ＬＣ５表さ化合物選ば１又は２の化合物含有し更に一般ＬＣ０一般ＬＣ４存在するＹ０１Ｙ４１の少なくともいずれひとつ炭素数２〜５のフッ素さたアルキル基アルコキシ基アルケニル基またはアルケニルオキシ基である化合物する特徴する液晶組成提供する	1					
屈折率異およびネマチック−液体相転移温度低減又は上昇さなく粘十分に低く表示不良ない誘電率異正の液晶組成正の誘電率異有する液晶組成であって前記液晶組成一般ＬＣ０表さ化合物選ば１又は２の化合物含有し一般ＬＣ１一般ＬＣ５表さ化合物選ば１又は２の化合物含有し更に一般ＬＣ２一般ＬＣ４存在するＡ２１〜Ａ４２の少なくともいずれひとつテトラヒドロピラン−２，５−ジイル基である化合物１又は２含有する液晶組成提供する	1					
光学機能性および高いバリア有する優れた可撓有する複合フィルムならびに可撓ある耐久性高い有機電界発光装置提供する有機電界発光装置少なくとも一層の位相基および無機含み上記位相液晶化合含む組成硬化した層であり上記無機窒化ケイ素含み上記基と上記複合フィルムの表面の距離６０μｍであり上記基の各層のＧＰａ単位する弾性率Eμｍ単位する厚みおよび上記基表面層の中心までのμｍ単位する距離の積E×t×l下記１満たしかつ上記基の各層のE×t×lの合計SUME×t×l下記２満たす複合フィルム；０．８≦E×t×l式１SUME×t×l）≦１５００式２ならびに上記複合フィルム含む	1					
高い重合反応高い転化および液晶組成の高い溶解度有する重合化合物この化合含む重合組成この組成調製した液晶複合体この複合有する液晶表示素子提供する少なくとも２つの重合基有し少なくとも１つの重合基アクリロイルオキシまたはメタクリロイルオキシであり少なくとも１つある残りの重合基式Ｐ−１Ｐ−２およびＰ−３表さ基の群選択さた重合基である重合化合物する式Ｐ−１〜Ｐ−３例えばＲ１〜Ｒ８独立して水素フッ素メチルエチルまたはトリフルオロメチルである	1					
高い上限温度低い下限温度小さな粘適切な光学異大きな誘電率異などの特性少なくとも１つの特性充足するまたは少なくとも２つの特性適切なバランス有する液晶組成およびこの組成含むＡＭ素子提供する第一成分大きな正の誘電率異有する特定の化合物および第二成分小さな粘有する特定の化合物含有し第三成分高い上限温度または小さな粘有する特定の化合物第四成分正の誘電率異有する特定の化合物または第五成分負の誘電率異有する特定の化合物含有して液晶組成である	1					
高い上限温度低い下限温度小さな粘適切な光学異負大きな誘電率異大きな比抵抗紫外線高い安定性熱高い安定性などの特性少なくとも１つの特性充足するまたは少なくとも２つの特性のあいだ適切なバランス有する液晶組成提供する短い応答時間大きな電圧保持低いしきい値電圧大きなコントラスト長い寿命などの特性有するＡＭ素子提供する少なくとも３つの重合基有する特定の化合物含有する液晶組成およびこの組成含有する液晶表示素子でありこの組成第一成分負大きな誘電率異有する特定の化合物第二成分高い上限温度または小さな粘有する特定の化合物含有して	1					
高い透過率有し低電圧駆動可能なＶＯＴタイプの液晶表示素子提供する液晶表示素子１０対向配置さたアクティブマトリックス基板ＡＭおよびカラーフィルタ基板ＣＦとこれらの基板ＡＭＣＦ同士の間設け液晶組成構成さた液晶５基板ＡＭ設け面方向離間距離基板ＡＭＣＦ同士の離間距離小さくなるに配置さた共通電極２１および画素電極２２と有するこの液晶表示素子１０共通電極２１画素電極２２液晶５配置さ共通電極２１画素電極２２とのフリンジ電界Ｅ形成する液晶組成負の誘電率異有し２５誘電率異の絶対値３である第１の液晶分子と２５誘電率異の絶対値２である第２の液晶分子と含有する	1					
式１表さ化合である例えばＲ１、２およびＲ３炭素数１１５のアルキルであり；環Ａ１および環Ａ３シクロキシレンまたはフェニレンであり環Ａ３１，４−シクロキシレンまたはフェニレンであり；Ｚ１およびＺ５単結合または炭素数１１０のアルキレンであり；ａ０１２３または４であり；ｃｄおよびｅ０１２３または４であり；Ｐ１Ｐ３式Ｐ−１表さ重合基であり；Ｍ１およびＭ２水素または炭素数１５のアルキルであり；Ｒ４式１ａ１ｃ表さ極性基であり：Ｓｐ５およびＳｐ６単結合または炭素数１１０のアルキレンであり；Ｓ１>ＣＨ−でありＳ２>Ｃ<であり；Ｘ１−ＯＨである	1					
手段式１表さ化合物この化合含有する液晶組成この組成含む液晶表示素子であるＲ炭素数１１５のアルキルなどであり；環Ａ１および環Ａ２独立して１，４−シクロヘキシレン１，４−フェニレンなどであり；Ｚ１およびＺ２独立して単結合−ＣＯＯ−などであり；Ｙ１Ｙ２およびＹ３独立して水素フッ素または塩素であり；ｍ０１または２である	1					
重合化合物またはその重合体および極性化合含みこれらの化合物の作用液晶分子の垂直配向達成可能な液晶組成この組成含有する液晶表示素子提供するこの組成高い上限温度低い下限温度小さな粘適切な光学異負大きな誘電率異などの特性少なくとも１つの特性充足するまた少なくとも２つの特性適切なバランス有する第一添加重合化合物および第二添加極性化合含有し負の誘電率異有するネマチック液晶組成でありこの組成負大きな誘電率異有する特定の液晶化合物および高い上限温度または小さな粘有する特定の液晶化合物含有してよくそしてこの組成含有する液晶表示素子である	1					
重合体の作用液晶分子の垂直配向達成可能な液晶組成この組成含有する液晶表示素子提供する第一成分負大きな誘電率異有する特定の液晶化合物および第一添加重合基有する極性化合含有し負の誘電率異有するネマチック液晶組成でありこの組成第二成分高い上限温度または小さな粘有する特定の液晶化合物第三成分負大きな誘電率異有する特定の液晶化合物および第二添加重合化合物含有してよくそしてこの組成含有する液晶表示素子である	1					
重合反応低下さず液晶組成の溶解高い化合物重合可能な基２つ有し１つ環直接結合してもう一方環重合可能な基の間スペーサー有する化合物提供する式１表さ化合物式１例えばＡ１およびＡ２少なくとも１つの水素フッ素置き換えた１，４−フェニレンであり；Ｚ１炭素数１１２のアルキレンであり；Ｚ２炭素数１１２のアルキレンであり；Ｘ１水素フッ素メチルまたはトリフルオロメチルであり；Ｐ１重合可能な基であり；ａ０３の整数である	1					
色純度向上さできる生産性優れた重合液晶組成提供するである更に当該重合液晶組成重合する得透過良好で色純度向上した光学フィルム当該光学フィルムと他の光学素子と積層した積層フィルム及び前記光学フィルムや積層フィルム用いた画像表示装置提供するである本発明一般Ｉ−１表さ重合液晶化合１または２及び一般ＩＩ−１表さ重合液晶化合１または２含有する重合液晶組成提供し当該重合液晶組成重合さ得光学フィルム当該光学フィルムと他の光学素子と積層した積層フィルム及び前記光学フィルムや積層フィルム用いた画像表示装置提供する	1					
対向配置さた第一の基板および第二の基板と第一の基板および第二の基板の間挟持さた液晶組成含有する液晶と第一の基板設け第一の電極と第一の基板設け第一の電極の間電界生じ第二の電極と有し液晶組成一般ａ表さ化合と一般ｉ表さ化合物含有し分子表さ基１又は２有する化合物の液晶組成総量の一般ｉ表さ化合物の含有量の総量０．１〜４０質量である液晶表示素子提供する選択３	1					
大きな屈折率異Δｎ有し低粘性優れ低温保存安定性優れ誘電率異Δεの値負である液晶組成前記液晶組成使用した液晶表示素子及び前記液晶表示素子備えた液晶ディスプレイ提供する誘電率異Δεの値負であり下記一般ｉ表さ化合物１種類又は２種類及び下記一般ii表さ化合物１種類又は２種類含有する液晶組成Ｒｉ１及びＲｉ２それぞれ独立して炭素原子数２〜８のアルケニル基表しＲｉｉ１及びＲｉｉ２それぞれ独立してアルキル基アルコキシ基等表しＸｉｉ１〜Ｘｉｉ６それぞれ独立して水素原子ハロゲン原子又は炭素原子数１〜８のアルキル基等表す１	1					
第一光学異及び第二光学異備える光学異積層であって波長４５０ｎｍ５５０ｎｍ５９０ｎｍ及び６５０ｎｍ第一光学異の面内レターデーションＲｅＨ４５０ＲｅＨ５５０ＲｅＨ５９０及びＲｅＨ６５０並びに波長４５０ｎｍ５５０ｎｍ５９０ｎｍ及び６５０ｎｍ第二光学異の面内レターデーションＲｅＱ４５０ＲｅＱ５５０ＲｅＱ５９０及びＲｅＱ６５０所定の要件満たす光学異積層	1					
短い応答時間大きな電圧保持低いしきい値電圧大きなコントラスト長い寿命小さなフリッカなどの特性有する液晶表示素子提供する対向配置さて一対の基板のまたは両方形成さて電極と前記電極接続さた複数のアクティブ素子と前記一対の基板それぞれの対向して面形成さた液晶配向膜と前記一対の基板挟持さた液晶組成有し液晶配向膜光分解可能な基有する重合体含有し液晶組成第一成分式１表さ化合物の群選択さた少なくとも１つの化合物含有する液晶表示素子である式１Ｒ１およびＲ２独立して炭素数１１２のアルキルなどであり；環Ａおよび環Ｃ独立して１，４−シクロキシレンなどであり；環Ｂ２，３−ジフルオロ−１，４−フェニレンなどであり；Ｚ１およびＺ２独立して単結合などであり；ａ０１２または３であり；ｂ０または１であり；そしてａおよびｂの和３である	1					
装置特定の規則有する第１配列配列さて光部２０Ａ〜２０Ｈ備えるシート２０各々静電容量の変化検知する複数の検知１０Ａ〜１０Ｈ備え検知１０Ａ〜１０Ｈ第１配列の規則同じ規則有する第２配列配列さて検知シート１０備える装置第１配列及び第２配列各検知１０Ａ〜１０Ｈ少なくとも１つの光部２０Ａ〜２０Ｈ対応付ける静電容量の変化検知した検知１０Ａ〜１０Ｈ対応付けた光部２０Ａ〜２０Ｈ光透過変更するの変更信号ＳｉＤ出力する	1					
長尺の第一の基と前記第一の基直接形成さた硬化液晶分子含む光学異備える複フィルムであって前記第一の基そのＮｚ係数１．１〜３．０配向のバラツキ１．０°であって延伸生じた配向規制有し前記第一の基の遅相軸と前記第一の基の幅方向となす角度０°９０°である複フィルム；並びにその製造方法及び用途	1					
適切な重合反応高い電圧保持および液晶組成の高い溶解度有する式１表さ重合化合物この化合と液晶組成含む重合組成この重合組成調製した液晶複合体およびこの液晶複合体有する液晶表示素子提供する５７１例えばＲ１水素ハロゲン−ＳＰ１−Ｐ１または炭素数１１５のアルキルでありＭＥＳ少なくとも１つの環およびＮ原子有するメソゲン基でありＳＰ１単結合または炭素数１１０のアルキレンでありＰ１重合基でありａ０１２３または４でありｃ０１２３または４である	1					
塗布優れ低温焼成の配向膜形成可能な液晶配向処理提供するカルボキシル基有するジアミン化合含むジアミン成分とテトラカルボン酸二無水物反応さて得ポリイミド前駆体及び／又はポリイミド前駆イミドしたポリイミドと下記[１]示さ化合物下記２示さ化合物及び下記[３]示さ化合物なる群選択さた少なくとも１の化合物含有する特徴する組成該組成含有する液晶配向処理それ用いた液晶配向膜及び液晶表示素子Ｈ３Ｃ−ＣＨＯＨ−ＣＨ２−Ｏ−Ｒ１[１]式１Ｒ１炭素数１〜４のアルキル基表すＨＯ−ＣＨ２−ＣＨ２−ＯＲ２[２]式２Ｒ２炭素数１〜４のアルキル基表すＣ５Ｈ６Ｏ２[３]	1					
透過率低下最小限抑えつつ異常光線屈折率ｎｅまたは複屈折Δｎ負の分散特性有する単のフィルムなる位相板提供する本発明位相板有機高分子と少なくとも１種類の二色色素と含んでなるフィルムなる位相板であって前記位相板のリターデーションΔｎａ・ｄａ前記フィルム前記二色素除いたフィルムなる位相板のリターデーションΔｎｂ・した場合下記１満足する特徴する位相板Δｎａ・ｄａ５８０／Δｎａ・ｄａ５５０−Δｎｂ・５８０／Δｎｂ・５５０>０１ここリターデーション位相板の複屈折Δｎと位相板の膜厚ｄの積表さΔｎａ・ｄａ５８０およびΔｎｂ・５８０波長５８０ｎｍ各位相板のリターデーションでありΔｎａ・ｄａ５５０およびΔｎｂ・５５０波長５５０ｎｍ各位相板のリターデーションである	1					
熱光など安定性極めて大きな誘電率異有し光学に等方の液晶発現する液晶媒体求めてまた広い温度範囲使用可能であり短い応答時間大きなコントラストおよび低い駆動電圧有する各種光素子求めて式１表さ化合物１少なくとも１つ含むアキラル成分Ｔとキラル含有し光学に等方の液晶発現する液晶組成式１Ｒ１例えばアルキルでありＬ１およびＬ２それぞれ独立してフッ素または水素でありＸ１例えばハロゲンである	1					
熱光など高い安定性高い透明液晶低い下限温度小さな粘適切な光学異大きな負の誘電率異適切な弾性定数他の液晶化合物の優れた相溶性有する液晶化合物この化合含有する液晶組成この組成含む液晶表示素子提供する式１表さ化合物例えばＲ１炭素数１〜１０のアルキル炭素数１〜９のアルコキシまたは炭素数２〜１０のアルケニル；Ｒ２炭素数１〜１０のアルキル炭素数１〜９のアルコキシまたは炭素数３〜１０のアルケニル；環Ａ１１，４−シクロキシレンまたは１，４−フェニレンであり；環Ａ２１，４−シクロキシレンまたは１，４−フェニレンであり；Ｚ１およびＺ２単結合；Ｚ３−Ｏ−または単結合であり；Ｌ１ＦＣＦ３またはＣＦ２Ｈ；する	1					
粘接着剤繰返し使用できる材料提供する光感応複合材料高分子化合と液晶化合と光応答化合物含有する光応答化合物紫と可視光の照射分子形状可逆に変化する光感応複合材料紫照射ガラス転移温度降下し紫照射降下したガラス転移温度可視光照射上昇する高分子化合の質量光感応複合材料全体の質量の４０〜６０であり液晶化合の質量光応答化合物の質量の和光応答化合物の質量２〜１００である好ましい光応答化合アゾベンゼン誘導体使用できる	1					
配向膜有しない液晶表示素子の液晶分子の配向着色ない配向制御モノマー用いて制御するでありまた着色ない配向制御モノマー良好な相溶性示す液晶組成提供するである光照射光フリース転位生じる芳香エステル有する配向制御モノマー含有しそして負の誘電率異有する液晶組成利用した液晶表示素子液晶組成用いる	1					
偏光サングラスの角度応じた色相変化抑制する視認改善し光学積層提供する光学積層第２の位相と偏光子と第３の位相視認この順に積層さて	1					
本願発明一般Ｉ表さ化合物提供し併せて当該化合含有する組成当該組成重合さ得重合体及び液晶表示素子提供するそして本願発明の化合物重合組成加熱調製した場合高速応答及び低電圧駆動示す高分子安定化液晶表示素子用いる重合組成の構成部材有用であるまた本願発明の化合物含有する組成用いた重合体光学異方体各種基材または配向膜の密着優れる光学材料の用途有用である	1					
本出願の液晶フィルムセル基フィルム前記基フィルムの高温膨張異なる膨張制御適用する高温の基フィルムの膨張制御するできこれ高温セルギャップ効果的維持するで高温耐久性改善さ重力の不良無くすできる	1					
本出願光学フィルム及びそれ含むディスプレイ装置前記光学フィルム例えば液晶ディスプレイまたは有機発光ディスプレイなどのなディスプレイ装置の最外角または偏光視認含むディスプレイの前記偏光の外側配置さできるこのに配置さた前記フィルム例えば観測偏光サングラスなど着用して画面観察する場合発生し輝度の低下などの問題解決するできる前記光学フィルム前記用途適した硬度示すできる	1					
本出願液晶素子および液晶素子の用途である本出願の例示な液晶素子例えば通常透過モード具現するできる素子であって高いコントラスト比率表わし低い駆動電圧駆動するできるこのな液晶素子スマートウインドウウインドウ保護膜フレキシブルディスプレイ素子３Ｄ映像表示アクティブリターダーａｃｔｉｖｅｒｅｔａｒｄｅｒまたは視野調節フィルムなどのな多様な光変調装置適用さ	1					
本発明解決しようする課題Ｋ３３大きくγ１／Ｋ３３小さく紫外線照射のＶＨＲ高く重合化合物の重合速度速くプレチルトの変化表示不良無いあるいは極めて少なく十分なプレチルト有し応答性能優れるＶＡＰＳＡ又はＰＳＶＡ液晶表示素子製造するの重合化合物含有する液晶組成提供する及びこれ用いた液晶表示素子提供するある本発明の液晶組成式Ｂ３１の化合物及び式ＣＢ３１の化合物含有する液晶組成上記課題解決する	1					
本発明解決しようする課題液晶組成求め諸特性満たしつつ応答速度およびコントラスト改善した液晶組成提供しあわせてこれ用いた液晶表示素子提供するである一般ｉ表さ化合物及び一般Ｌ表さ化合物選ば１又は２の化合物含有する液晶組成提供する特に誘電率異負のｎ化合物含有するｎ液晶組成有用であるあわせてこれら使用した液晶表示素子提供する	1					
本発明解決しようする課題屈折率異Δｎ大きく回転粘性γ１小さく弾性定数Ｋ３３大きく更に電圧保持ＶＨＲ高い負の誘電率異Δε有する液晶組成提供し更にこれ用いた滴下や焼きや表示ムラの表示不良ない又は抑制さた低い駆動電圧と高い透過率速い応答速度両立さた表示品位の優れた液晶表示素子提供するある誘電率異の絶対値｜Δε｜およびらせんピッチＰ：μｍ成る式Ｉ１５０の範囲であって一般ｎｐ−１および一般ｎｐ−２表さ化合物１又は２含有する誘電率異負の液晶組成またこれ用いた液晶表示素子提供する	1					
本発明解決しようする課題高Δｎ実現しつつ広い温度範囲の液晶有し粘性小さく低温の溶解良好で比抵抗や電圧保持高く熱や光安定な組成提供し更にこれ用いるレンズ効果優れ化学安定性優れた液晶組成当該液晶組成用いた液晶表示素子及び液晶レンズ提供するある本願発明一般ｉ表さ化合物１又は２と一般ｉｉ表さ化合物１又は２含有する液晶組成当該液晶組成用いた液晶表示素子当該液晶組成用いた液晶レンズ及び当該液晶組成用いた立体画像表示複屈折レンズ提供する	1					
本発明解決しようする課題高速応答高いコントラスト低消費電力の液晶表示素子求め諸特性満たしつつ紫外線照射工程時間短縮でき信頼性優れるＰＳＡ又はＰＳＶＡ液晶表示素子製造する有用な重合液晶組成提供する及びこれ用いた液晶表示素子提供するある液晶化合１又は２と一般ｉ表さ重合化合物１又は２含有し液晶化合重合化合物含む重合液晶組成重合化合物の合計の含有量０．４質量１０．０質量である重合液晶組成提供しまたこれ用いた液晶表示素子提供する[１]	1					
本発明解決しようする課題発光ナノ結晶の劣化や部分な高エネルギー光線の照射スポット液晶の劣化抑制または防止するである第一の基板２および第二の基板７対向して設け一対の基板と前記第一の基板２第二の基板７の間挟持さた液晶５前記第一の基板２または第二の基板７の少なくとも一方設けた画素電極と前記第一の基板２または第二の基板７の少なくとも一方設けた共通電極とブラックマトリックスおよび赤色Ｒ緑色Ｇ青色Ｂの三原色画素構成さカラーフィルタ６紫外また可視光発光する発光素子Ｌ前記発光素子Ｌの入射赤色Ｒ緑色Ｇ青色Ｂの少なくとも一色の光変換して発光する発光ナノ結晶含有する光変換１０３備え前記液晶５一般ｉ表さ化合物１０〜５０重量含有する特徴する液晶表示素子	1					
本発明解決しようする課題誘電率異Δε負のいわゆるｎ液晶組成求め諸特性満たしつつ視野特性改善したｎ液晶組成提供しあわせてこれ用いた液晶表示素子提供するである組成全量一般ｉ表さ化合物の合計の含有量３であり組成全量一般ｉｉ表さ化合物の合計の含有量３であり一般ｉ表さ化合物一般ｉｉ表さ化合物及び一般Ｌ表さ化合物全量一般ｉ表さ化合物の合計の含有量２０である誘電率異負の液晶組成提供しあわせてこれら使用した液晶表示素子提供する	1					
本発明解決しようする課題誘電率異粘ネマチック上限温度低温のネマチック安定性γ１の液晶表示素子の諸特性及び表示素子の焼き付き特性悪化さ無く製造の滴下発生しＯＤＦ工程安定した液晶材料の吐出実現する液晶表示素子適する液晶組成及びそれ用いた液晶表示素子提供するある一般Ｉ表さ化合物１又は２含有し一般ＩＩ表さ化合物１又は２含有する誘電率異負の液晶組成提供し併せて一般Ｉ表さ化合物１又は２含有し一般ＩＩ表さ化合物１又は２含有する誘電率異負の液晶組成用いた液晶表示素子提供する	1					
本発明解決しようする課題誘電率異粘ネマチック上限温度低温のネマチック安定性γ１の液晶表示素子の諸特性及び表示素子の焼き付き特性悪化さ無く製造の滴下発生しＯＤＦ工程安定した液晶材料の吐出実現する液晶表示素子適する液晶組成及びそれ用いた液晶表示素子提供するある式Ｉ−１表さ化合物含有し一般ＩＩ表さ化合物１又は２含有する誘電率異負の液晶組成提供し併せて該液晶組成用いた液晶表示素子提供する	1					
本発明液晶化合含む組成形成さた光学異有する偏光板の製造方法であって：仮支持と光学異含み上記光学異上記仮支持直接または上記仮支持体設けたの層直接塗布さた液晶化合含む重合組成形成さた層である転写材料用意する；上記光学異上記仮支持反対の面上記転写材料ラミネートフィルム接着さ；上記転写材料と上記ラミネートフィルムの積層上記仮支持剥離する；上記積層の上記剥離得た面偏光子含むフィルム接着さ；および上記ラミネートフィルム剥離する含む製造方法提供さ上記製造方法上記光学異最小限の構成偏光子接着さ可能である	1					
本発明選択反射含み上記選択反射重合液晶化合含む液晶組成の硬化得コレステリック液晶含み上記選択反射特定の波長右円偏光または左円偏光のいずれのセンスの円偏光選択に反射する層である応力表示部材または複屈折および任意に円偏光分離さらに含む上記応力表示部材ならびに上記いずれの応力表示部材用いて行わひずみ測定方法提供さ本発明の応力表示部材大面積の対象物生じるひずみ安価に測定可視する測定精度高いひずみ測定可能である	1					
本発明よれば金属部材の表面塗布乾燥する被膜形成する表面処理組成であって当該表面処理組成分岐鎖有する液晶化合と防錆剤と含む表面処理組成提供さ	1					
本発明の液晶組成高速応答焼き付きや滴下の表示不良の発生しＩＰＳやＴＮの液晶表示素子など使用さである該液晶組成誘電に正の化合物含む誘電に正の成分である成分と誘電率異-2大かつ+2小である誘電に中性な成分含有するで広い温度範囲の液晶有し粘性小さく低温の溶解良好で比抵抗や電圧保持高く熱や光安定である優れた特徴有する	1					
本発明の課題観察異なる視覚効果与え透過加飾フィルム及びその製造方法提供するである本発明の透過加飾フィルム円偏光板と円偏光配置さた円偏光反射備え円偏光反射左円偏光及び右円偏光のいずれ一方反射する第１コレステリック液晶少なくとも１含み第１コレステリック液晶選択反射波長異なる２の反射領域有し円偏光板第１コレステリック液晶反射さ円偏光の旋回方向逆向きの円偏光透過する	1					
本発明の課題耐久性優れた光学異有する光学フィルムそれ用いた偏光板および画像表示装置ならびそれ用い重合化合物および１，４−シクロヘキサンジカルボン酸モノアリールエステルの製造方法提供するである本発明の光学フィルム少なくとも光学異有する光学フィルムであって光学異特定の構造有する重合化合と所定の構造有する液晶化合と重合開始剤と含有する重合液晶組成重合して得層である光学フィルムである	1					
本発明の課題粒径30〜150nmの液晶カプセルの製造方法の提供および本発明ホモジナイザー用いず液晶カプセル製造する方法の提供である本発明液晶組成モノマー界面活性剤および重合開始剤混合して得た混合材料転乳化してエマルション調製する工程および前記エマルションコアセルベーション液晶カプセル製造する工程含む液晶カプセルの製造方法であるまた本発明液晶組成界面活性剤およびカプセル壁有する液晶カプセルであって前記カプセル壁閉曲であり前記カプセル壁の内側前記液晶組成前記界面活性剤の疎水性部分配置さ前記カプセル壁の外側前記界面活性剤の親水性部分配置さて液晶カプセルである	1					
本発明の目的の一つΔε正の液晶組成であって広い温度範囲の液晶有し低温の溶解良好で優れたＯＤＦプロセス適合有し比抵抗や電圧保持高く熱や光安定な液晶組成提供するありこの目的達成する下記一般ｉ表さ化合物少なくとも１下記一般ｉｉ表さ化合物少なくとも１含有する液晶組成提供する１式Ｒｉ１炭素原子数２５のアルキル基表す２式Ｒｉｉ１及びＲｉｉ２それぞれ独立して炭素原子数１〜５のアルキル基又は炭素原子数２〜５のアルケニル基表しＸｉｉ１及びＸｉｉ２それぞれ独立して水素原子又はフッ素原子表す	1					
本発明の目的の一つΔε正の液晶組成であって広い温度範囲の液晶有し粘性小さく低温の溶解良好で比抵抗や電圧保持高く熱や光安定な液晶組成提供するあるそしてこの目的達成する一般ｉ表さ化合物少なくとも１式ｉｉ−１表さ化合物及びｉｉ−２表さ化合物の選ば少なくとも１の化合物含有する液晶組成提供する	1					
本発明ａ１つまたは２つの重合基有しかつ式Ｉ満たす重合化合物Ｒｅ４５０ｎｍ／Ｒｅ５５０ｎｍ）<１．０Ｉｂアルキルフェノン化合物アシルホスフィンオキサイド化合物及びオキシムエステル化合なる群選ば少なくとも１つの光重合開始剤ｃ重合抑制含有する重合組成提供するであるまた本発明の重合液晶組成用いて作製した光学異方体位相膜反射防止膜液晶表示装置あわせて提供するである本発明の重合組成溶解優れ結晶の析出起こらない高い保存安定性有し当該組成重合して得フィルムの重合作製した液晶の配向性維持しつつ塗膜表面のムラ少なく耐久性優れて有用である	1					
本発明シクロオレフィンポリマー用いたポリマーフィルム隣接さて液晶設けた場合であって液晶化合物の配向性悪化さなくポリマーフィルムと液晶の密着確保するできる光学フィルムおよびそれ用いた偏光板画像表示装置ならび光学フィルムの製造方法および偏光板の製造方法提供する課題する本発明の光学フィルムシクロオレフィンポリマー含むポリマーフィルムとポリマーフィルム隣接して設け液晶有し液晶液晶化合と特定構造の化合物含有する液晶組成用いて形成さ液晶組成特定構造の化合物液晶化合物の質量０．５〜７．０質量含有し所定の偏在２０〜８０である光学フィルムである	1					
本発明プラスチック基板凹凸や曲面もつ自由な形状変形した場合であってシール失わず導保ち電極の取り出し可能するプラスチックセルおよびその製造方法提供する課題する本発明のプラスチックセル第１のプラスチック基板と第１の透明導と流体と第２の透明導と第２のプラスチック基板とこの順有しさらに第１のプラスチック基板または第２のプラスチック基板の一部変形して流体封止する封止部分有し第１のプラスチック基板第１の貫通孔有し第２のプラスチック基板第２の貫通孔有し第１の貫通孔第１の導電材有し第２の貫通孔第２の導電材有するプラスチックセルである	1					
本発明位相板１及び位相板２の少なくとも２つの位相板積層してなる位相板位相板１位相板２の少なくとも一方重合液晶組成の重合体形成さて位相板１及び位相板２の波長４５０ｎｍ位相Ｒｅ４５０波長５５０ｎｍ位相Ｒｅ５５０特定の関係ある位相板その位相板偏光板積層してなる円偏光板並びにその円偏光板含む表示素子又は発光素子提供するである本発明よれば広い波長１／４波長の位相与える位相板広い波長反射防止性能優れる円偏光板並びに視認優れる表示素子又は発光素子提供するできる有用である	1					
本発明一般Ｉ１表さ化合物提供する本発明係る化合物液晶組成の光劣化防止し液晶組成の相溶性高く液晶組成の保存安定性損なうない液晶組成の構成部材有用である本願発明の化合物含有する液晶組成および液晶表示素子耐ＵＶ発現し高いＶＨＲ有する焼き付きや表示ムラの表示不良発生しない又は抑制さた表示品位の優れた液晶表示素子得	1					
本発明液晶ＬＣ媒体と液晶ＬＣ媒体製造する方法と通常透明モード操作さポリマーネットワーク液晶ＰＮＬＣ光変調素子このなＬＣ媒体の使用と関するさらに本発明このな光変調素子と例えば透明ＯＬＥＤディスプレイシャッターのこのな光変調素子の使用とスマートウィンドウこのな光変調素子の使用と本発明このな光変調素子製造する方法と関する	1					
本発明液晶デバイスディスプレイ光学部品着色セキュリティマーキングレーザー発光部材有用な重合組成及び該重合組成得薄膜本発明溶媒の溶解優れ基密着良好であり低ヘイズ且つムラない薄膜実現できる重合液晶組成提供し併せて当該重合液晶組成用いた外観の優れた薄膜提供するである本発明の重合液晶組成用いるで低ヘイズ且つムラなく同時に基密着良い組成及び薄膜低コスト得るできる	1					
本発明液晶組成液晶セル液晶フィルム及びこれらの製造方法本発明の例示な液晶組成別途の配向なし配向さた液晶提供するできる上記液晶組成よれば上記液晶未重合状態維持した液晶セル及び上記液晶重合した液晶フィルムすべて提供するできる選択１	1					
本発明液晶の電圧保持ＶＨＲの低下イオン密度ＩＤの増加防止し白抜け配向むら焼き付けなどの表示不良の問題解決する液晶表示装置提供するである本発明液晶特定の構造の液晶化合含有した液晶組成用いインセル位相特定の構造の重合液晶化合特定の比率含有する重合液晶組成重合さた光学異方体用いた液晶表示装置提供する本発明の液晶表示装置液晶の電圧保持ＶＨＲの低下イオン密度ＩＤの増加防止し焼き付きの表示不良の発生抑制する特徴有する特にアクティブマトリックス駆動のＶＡモードＰＳＶＡモード液晶表示装置有用であり液晶ＴＶモニター携帯電話スマートフォンの液晶表示装置適用できる	1					
本発明液晶表示材料有用な誘電率異Δε負のネマチック液晶組成及びこれ用いた液晶表示素子本願の液晶組成屈折率異Δｎ及びネマチック−液体転移温度Ｔｎｉ低下さなく粘η十分に小さく回転粘性γ１十分に小さく弾性定数Ｋ３３大きく絶対値大きな負の誘電率異Δε有しこれ用いたＶＡの表示不良ない又は抑制さた表示品位の優れた応答速度速い液晶表示素子提供するできる本発明の液晶組成用いた液晶表示素子アクティブマトリックス駆動液晶表示素子有用でありＶＡやＰＳＶＡの液晶表示素子適用できる	1					
本発明液晶表示材料有用な誘電率異Δε示す正の液晶組成およびこれ用いた液晶表示素子本発明の液晶組成広い温度範囲の液晶有し粘性小さく低温の溶解良好で比抵抗や電圧保持高く熱や光安定な液晶組成であってこれ用いる表示品位優れ焼き付きや滴下の表示不良の発生し液晶表示素子提供するできる本発明の液晶組成用いた液晶表示素子アクティブマトリックス駆動液晶表示素子有用でありＴＮＩＰＳＦＦＳの液晶表示素子適用できる	1					
本発明角度依存性低減さたバンドパスフィルターより簡便に製造する好適に用い組成キット積層およびその製造方法並びにバンドパスフィルター提供する本発明の組成キット重合基有する液晶化合および右旋回のキラル含む第１組成と重合基有する液晶化合および左旋回のキラル含む第２組成と色含む第３組成と含む	1					
本発明光学フィルムおよびこれ含む表示素子であって前記光学フィルム液晶化合含む第１光学異と光反応重合体含む第２光学異なり光反応基の光反応速度改善さ液晶配向優れて	1					
本発明光源１０１発生するに構成さた光源１００及び光変換エレメント２００有する照明装置１０提供するで前記変換エレメント２００透光母材２０５有し該透母材２０５：ｉａ前記源光１０１及びｂ任意選択第２発光材料２２０のオプションの第２発光材料２２１のの１の少なくとも一部第１発光材料２１１変換するに構成さた第１発光材料２１０；ii熱応答液晶化合物２５０；有し該透母材２５０前記光源１００熱に接触するに構成さ当該照明装置１０更に前記源光１０１前記第１発光材料２１１及びオプションの前記第２発光材料２２１含む照明装置１１供給するに構成さ前記変換エレメント前記照明装置のカラー及び色温度のの１前記光源供給さ電力伴い変化さに構成さ	1					
本発明式ｉ表さ化合物該化合用いた液晶組成及び該液晶組成用いた液晶表示素子である式ｉ表さ化合物一般Ｋ−１〜Ｋ−１７表さ部分構造Ｋｉ１有し且つ少なくとも２つのＰ−Ｓｐ−基有する環Ｂ有する化合物である液晶組成用いた液晶組成液晶挟持する基板吸着しＰＩ設けなくとも液晶分子垂直方向配向さた状態保持するでき配向性の安定性向上や低温保存確保できる	1					
本発明実質的１種類の液晶化合と該液晶化合の変質防止する添加含有し気密性有する容器収容さた組成でありこの製造方法得た液晶化合使用した液晶組成提供するであり高い抵抗有する液晶化合得る簡便な再結晶方法である本発明よれば実質的１種類の液晶化合高いレベルの純度維持した長期間保存できる本発明の液晶化合と他の液晶化合混合するで高い安定性の液晶組成得また信頼性優れた液晶表示素子得	1					
本発明重合液晶化合物これ含む液晶組成および光学フィルム本発明係る重合液晶化合物分子分子相互作用可能する少なくとも２つの官能基有しこれ含む組成のコーティング高い配向安定性有する液晶の形成可能であるそのため前記組成用いて形成さた光学フィルム液晶ディスプレイまたはＯＬＥＤ方式のディスプレイ反射防止フィルムなど好適に使用できる	1					
本発明重合液晶組成重合する得重合体及びポリメチルメタクリレート樹脂基板又はポリカーボネート樹脂基板含む光学異方体であり前記重合液晶組成少なくとも１つの重合官能基有しかつＳ＝ＬＲ/（ＬＲ＋ＬＭ表さ分子構造パラメータＳ０．２２<Ｓ<０．６満たす１又は２の液晶化合８５質量含有する光学異方体提供し併せて当該光学異方体用い重合液晶組成提供する本発明ポリメチルメタクリレート樹脂基板またはポリカーボネート樹脂基板用いた場合優れた配向性示しヘイズ少なく透明性優れまた接着保持する光学異方体そのための重合液晶組成提供するである	1					
本発明重合化合物含有する液晶ＬＣ媒体その製造方法光学電気光学および電子目的のの特にＬＣディスプレイその使用およびこの液晶媒体有するＬＣディスプレイ	1					
本発明少なくとも１の分子１の重合官能基有する重合液晶化合物Ｉ少なくとも１の分子２の重合官能基有する重合液晶化合物ＩＩ及び３の芳香環有し該芳香環の少なくとも１炭素原子数１〜５のアルキル基又は炭素原子数１〜５のアルコキシ基置換さて化合物ＩＩＩ少なくとも１含有する重合液晶組成提供するまた本発明の重合液晶組成用いた光学異方体提供する	1					
本発明正の誘電率異有する液晶組成であって前記液晶組成一般ＬＣ０表さ化合物１又は２含有し一般ＬＣ１表さ化合物１又は２含有する液晶組成である本発明の液晶組成所望の屈折率異Δｎ調整さネマチック−液体転移温度Ｔｎｉの低減及びネマチックの下限温度の上昇抑えるネマチックの温度範囲悪化さなく粘η十分に低く本発明の液晶組成液晶表示素子用いる応答速度速く低電圧駆動可能である実用で信頼性の高い液晶表示素子得	1					
本発明対向する２つの基板挟またコレステリック液晶媒体主たる基板平面またはコレステリック液晶媒体実質的直角な電場印加さ可能な電極配置含む好ましくそれらなるの光変調素子であって基板のコレステリック液晶媒体隣接した平面配向設けておよび他方の基板コレステリック液晶媒体隣接したホメオトロピック配向設けて特徴する前記変調素子本発明さらに該光変調素子の製造の方法および電気光学ディスプレイ液晶ディスプレイＬＣＤ非線形光学ＮＬＯデバイスおよび光情報記憶デバイスなどの様々なタイプの光学および電気光学デバイス該光変調素子の使用	1					
本発明耐久性優れた光学異膜の形成用い溶解優れた重合液晶化合およびその製造方法ならび重合液晶組成光学異膜光学フィルム偏光板および画像表示装置提供する課題する本発明の重合液晶化合物下記１表さ重合液晶化合でありＬ1−ＳＰ1−Ａ1−Ｄ3−Ｇ1−Ｄ1−Ａｒ−Ｄ2−Ｇ2−Ｄ4−Ａ2−ＳＰ2−Ｌ2・・・１１のＬ1−ＳＰ1−Ａ1−Ｄ3−Ｇ1−Ｄ1表さ基のＣｌｏｇＰとＬ2−ＳＰ2−Ａ2−Ｄ4−Ｇ2−Ｄ2表さ基のＣｌｏｇＰ互いに異なりかつ少なくとも一方のＣｌｏｇＰ３．３である重合液晶化合である	1					
本発明塗布優れ膜厚ムラ抑制するでき光学異形成した上層塗布塗布良好なる重合液晶組成それ用いて形成した光学異光学積層光学積層の製造方法および画像表示装置提供する課題する本発明の重合液晶組成重合液晶化合と重合開始剤と光熱酸および塩基なる群選択さ少なくとも１の作用分解して極性基生じる開裂基含む１の特定基有する化合物と含有する重合液晶組成であって特定基開裂基末端フッ素原子またはケイ素原子有する重合液晶組成である	1					
本発明特定の液晶組成特定の顔料使用したカラーフィルタ用いた液晶表示装置本発明液晶の電圧保持ＶＨＲの低下イオン密度ＩＤの増加防止し白抜け配向むら焼き付きなどの表示不良の問題解決する液晶表示装置提供するである本発明の液晶表示装置液晶の電圧保持ＶＨＲの低下イオン密度ＩＤの増加防止し焼き付きなどの表示不良の発生抑制する特徴有する特にアクティブマトリックス駆動のＶＡモードＰＳＶＡモード液晶表示装置有用であり液晶ＴＶモニター携帯電話スマートフォンの液晶表示装置適用できる	1					
本発明特定の液晶組成特定の顔料使用したカラーフィルタ用いた液晶表示装置本発明液晶の電圧保持ＶＨＲの低下イオン密度ＩＤの増加防止し白抜け配向むら焼き付けなどの表示不良の問題解決する液晶表示装置提供するである本発明の液晶表示装置液晶の電圧保持ＶＨＲの低下イオン密度ＩＤの増加防止し焼き付きの表示不良の発生抑制する特徴有する特にアクティブマトリックス駆動のＶＡモードＰＳＶＡモード液晶表示装置有用であり液晶ＴＶモニター携帯電話スマートフォンの液晶表示装置適用できる	1					
本発明特定の液晶組成特定の顔料及び特定の化合物使用したカラーフィルタ用いた液晶表示装置本発明液晶の電圧保持ＶＨＲの低下イオン密度ＩＤの増加防止し白抜け配向むら焼き付けなどの表示不良の問題解決する液晶表示装置提供するである本発明の液晶表示装置液晶の電圧保持ＶＨＲの低下イオン密度ＩＤの増加防止し焼き付きの表示不良の発生抑制する特徴有する特にアクティブマトリックス駆動のＴＮモードＩＰＳモード高分子安定化ＩＰＳモードＦＦＳモードＯＣＢモードＶＡモード又はＥＣＢモード液晶表示装置有用であり液晶ＴＶモニター携帯電話スマートフォンの液晶表示装置適用できる	1					
本発明特定の液晶組成特定の硬化樹脂組成の硬化使用したシール用いた液晶表示装置本発明液晶の電圧保持ＶＨＲの低下イオン密度ＩＤの増加防止し白抜け配向むら焼き付けなどの表示不良の問題解決する液晶表示装置提供するである本発明の液晶表示装置液晶の電圧保持ＶＨＲの低下防止し配向ムラ焼き付きの表示不良の発生抑制する特徴有する特にアクティブマトリックス駆動のＩＰＳモードＦＦＳモード液晶表示装置有用であり液晶ＴＶモニター携帯電話スマートフォンの液晶表示装置適用できる	1					
本発明特定の液晶組成特定の粒子径分布有する有機顔料含有したカラーフィルタ用いた液晶表示装置本発明液晶の電圧保持ＶＨＲの低下イオン密度ＩＤの増加防止し白抜け配向むら焼き付けなどの表示不良の問題解決する液晶表示装置提供するである本発明の液晶表示装置液晶の電圧保持ＶＨＲの低下イオン密度ＩＤの増加防止し焼き付きの表示不良の発生抑制する特徴有する特にアクティブマトリックス駆動のＩＰＳモードＦＦＳモード液晶表示装置有用であり液晶ＴＶモニター携帯電話スマートフォンの液晶表示装置適用できる	1					
本発明二色物質の優れた配向性維持し高温耐久性および湿熱耐久性のいずれ良好なる積層およびその製造方法ならびそれ用いた画像表示装置提供する課題する本発明の積層透明支持体光吸収異膜および透明樹脂この順に有する積層であって光吸収異膜所定の式表さ二色物質含有する膜であり透明樹脂親水性基有しかつ９５の温度領域ガラス転移温度有してないポリマー含有する層である積層である	1					
本発明配向性優れ形成さ光学異の面良好なり偏光子の接着良好なる液晶組成それ用いた光学フィルム偏光板および画像表示装置提供する課題する本発明の液晶組成下記Ｉ表さ繰り返し単位および下記ＩＩ表さ繰り返し単位有する共重合と液晶化合物含有する液晶組成である	1					
本発明表示装置張り付けた正面方向黒色の色味づき十分に抑制さ円偏光板円偏光板位相板有機ＥＬ表示装置提供する本発明の円偏光板偏光膜と第１光学異と第２光学異この順有する円偏光板であって第１光学異厚み方向螺旋する捩れ配向した液晶化合含み第１光学異の液晶化合の捩れ２８．６±１０°であり偏光膜の吸収と第２光学異の面内遅相軸と平行または直交し波長５５０ｎｍ測定した第１光学異の屈折率異Δｎと第１光学異の厚みｄの積Δｎｄの値と波長５５０ｎｍ測定した第２光学異のレタデーションであるＲｅＢ５５０と所定の数値範囲であり第１光学異および第２光学異の面内遅相軸所定の関係ある	1					
本発明保存安定性優れ重合さたの配向性乱れ生じない重合液晶組成該重合性液晶組成用いてなる位相膜位相パターニング膜及びホモジニアス配向水平配向液晶フィルムの提供一般Ｉ表さ重合化合物２と有機溶媒含み当該重合化合物の任意の２の重合化合物のｍそれぞれＳＡとＳＢした場合｜ＳＡ−ＳＢ｜＝１２でありかつＳＡ＋ＳＢ≦１０満たす特徴する重合液晶組成式Ｐ１及びＰ２反応官能基表しＭＧメソゲン基又はメソゲン支持基表し２つのｍ１〜６の同一の数値表す	1					
本発明誘電率異粘ネマチック上限温度回転粘γ１の液晶表示素子の諸特性及び液晶表示素子の焼き付き特性悪化さなく製造の滴下発生し液晶表示素子及びその製造方法提供するまた本発明よれば液晶表示素子の高速応答優れ液晶分子の配向性やプレチルト安定して焼きの発生少なくその製造滴下の発生少ない液晶表示素子の製造可能なる本発明作製さた液晶表示素子液晶ＴＶモニターの表示素子有効に用いるできる	1					
本発明誘電率異正であってその誘電率異大きく粘低く更に同時に耐光高い液晶組成低電圧駆動高コントラスト高速応答同時に耐光高く焼き付きや表示不良発生しない表示品質優れた液晶表示素子提供するできる本発明の液晶組成用いた液晶表示素子アクティブマトリックス駆動液晶表示素子有用でありＴＮＩＰＳＦＳＳの液晶表示素子適用できる	1					
本発明液晶表示材料有用な誘電率異Δε正の値示すネマチック液晶組成及びこれ用いた液晶表示素子本発明の液晶組成広い温度範囲の液晶有し粘性小さく低温の溶解良好で比抵抗や電圧保持高く熱や光安定であるこれ用いる表示品位優れ焼き付きや滴下の表示不良の発生しＩＰＳやＴＮの液晶表示素子歩留まりよく提供するできる本発明の液晶組成用いた液晶表示素子高速応答と表示不良の抑制両立さた有用なであり特にアクティブマトリックス駆動液晶表示素子有用でありＶＡモードＰＳＶＡモード又はＴＮモード液晶表示素子適用できる	1					
本発明液晶表示材料有用な誘電率異Δε負の値示すネマチック液晶組成及びこれ用いた液晶表示素子本発明の液晶組成屈折率異Δｎ及びネマチック−液体転移温度Ｔｎｉ低下さなく粘η十分に小さく回転粘性γ１十分に小さく弾性定数Ｋ３３大きく絶対値大きな負の誘電率異Δε有する液晶組成提供し更にこれ用いたＶＡの表示不良ない又は抑制さた表示品位の優れた応答速度速い液晶表示素子提供するできる本発明の液晶組成用いた液晶表示素子アクティブマトリックス駆動液晶表示素子有用でありＶＡモードＰＳＶＡモードの液晶表示素子適用できる	1					
本発明液晶表示素子使用する液晶組成である本発明解決しようする課題誘電率異バルク粘ネマチック上限温度回転粘γ１電圧保持の液晶表示素子の諸特性及び表示素子の焼き付き特性悪化さ無く製造の滴下発生しＯＤＦ工程安定した液晶材料の吐出実現し低温の良好な溶解有する液晶表示素子適する液晶組成提供し併せてその液晶組成用いた液晶表示素子提供するである本発明式ｉ及びＸＩＩＩ−１−２又は式ＸＩＩＩ−１−４表さ化合物含有する誘電率異負の液晶組成及び当該液晶組成用いた液晶表示素子である	1					
本発明電気光学液晶表示材料有用な誘電率異Δε正の値示すネマチック液晶組成で所望の屈折率異Δｎ調整さネマチック−液体転移温度Ｔｎｉの低減及びネマチックの下限温度の上昇抑えるネマチックの温度範囲悪化さなく粘η十分に低くなおかつ誘電率異Δε正の液晶組成であって前記液晶組成一般ＬＣ０表さ化合物選ば１又は２の化合物含有し一般ＬＣ１一般ＬＣ５表さ化合物選ば１又は２の化合物含有する液晶組成提供する	1					
無置換であるメチル基置換さたジオキサン環有しかつ少なくとも一つの−ＣＯＯ−または−ＣＦ２Ｏ−連結基有する化合物１少なくとも１含むアキラル成分Ｔとキラル含有し光学に等方の液晶発現する液晶組成	1					
誘電率異粘ネマチック上限温度回転粘γ１の液晶表示素子の諸特性及び液晶表示素子の焼き付き特性悪化さなく製造の滴下発生し液晶表示素子及びその製造方法提供する本発明の液晶表示素子１０第一の基板１１および第二の基板１２の間挟持さた液晶組成１３単官能の反応基有する重合化合と多官能の反応基有する重合化合物の重合体含む垂直配向膜１６，１７と有する特徴する	1					
誘電率異粘ネマチック上限温度低温のネマチック安定性γ１の液晶表示素子の諸特性及び表示素子の焼き付き特性悪化さ無くＦＦＳモードの液晶表示素子用いる優れた表示特性実現可能な誘電率異負の液晶組成用いた液晶表示素子下記一般Ｉ表さ化合物選ば少なくとも１種類の化合物及び下記一般ＩＩ表さ化合物選ば少なくとも１種類の化合物及び下記一般III表さ化合物選ば少なくとも１種類の化合物含有する液晶組成用いたＦＦＳの液晶表示素子提供する	1					
均一高い位相有し光学性能優れた位相フィルム提供する解決手段透明基の一面配向２位相３とこの順に配置さた位相フィルムであって配向ポリビニルシンナメート含有する配向形成組成又はその硬化なり位相液晶化合と界面活性剤と溶剤と含有する位相形成組成の硬化なり界面活性剤下記一般Ｉ表さ繰り返し単位有するポリエーテル変性シリコーンである位相フィルム１０選択１	1					
４００ｎｍ付近の短波の可視光高い選択吸収示す高耐光有しながら表示装置用いた場合良好な表示特性付与し位相フィルム提供する解決手段下記１〜４全て満たす位相フィルム：２≦Ａ３８０１０．５≦Ａ４００２０．４≧Ａ４２０／Ａ４００３１００ｎｍ≦Ｒｅ５５０≦１７０ｎｍ４式Ａλ波長λｎｍ吸光度Ｒｅ５５０波長５５０ｎｍの光面内位相表す選択なし	1					
ｎ液晶組成のツイストの弾性定数Ｋ２２精度よく測定するの液晶組成の弾性定数測定装置提供する解決手段弾性定数測定装置１液晶組成挟持する電極及び相対する２の基板有するセル２電極任意の電圧印加する電圧印加手段３電極電圧印加さた状態液晶組成充填さたセルの静電容量Ｃ測定する実測手段４実測手段４測定さた静電容量Ｃ閾値電圧Ｖｔｈ測定する手段５液晶組成のツイストの弾性定数Ｋ２２決定する弾性定数決定手段６用いて液晶組成の弾性定数測定する選択２	1					
ＰＳＡディスプレイ改善さたＬＣ媒体の提供解決手段重合化合物含む重合構成成分Ａ及び非重合低分子量化合含む液晶構成成分Ｂ含むＬＣ媒体であって構成成分Ｂ式Ｉ表さ化合物含みかつ１つまたは２つのフェニル環２および／または３フッ素さてターフェニル化合含まないＬＣ媒体式１，４−フェニレンなど示す選択なし	1					
ＶＡＰＳＡ−ＰＳ−ＶＡＰＡＬＣＦＦＳＰＳ−ＦＦＳＰＳ−ＩＰＳまたはＩＰＳ効果基づくアクティブマトリックスディスプレイのの液晶媒体の提供解決手段下代表さ少なくとも１の化合物含みＶＡＰＳＡ−ＰＳ−ＶＡＰＡＬＣＦＦＳＰＳ−ＦＦＳＰＳ−ＩＰＳまたはＩＰＳ効果基づくアクティブマトリックスディスプレイのの液晶媒体非常に好ましい値の容しきい値相対的高値の保持および同時に非常に良好な低温安定性ならびに非常に低い回転粘値および短い応答時間呈する選択なし	1					
アゾベンゼン基含有ポリマー含む配向膜用いる場合ＶＨＲの低下及び残留ＤＣの増加抑えるできる水平配向モードの液晶表示装置提供する解決手段画素電極１２及び対向電極１４有する第１基板１０第１基板１０対向する第２基板２０第１基板１０及び第２基板２０の間挟持さ液晶材料含む液晶３０第１基板１０及び液晶３０の間設けアゾベンゼン基有するアゾベンゼン基含有ポリマー含む配向膜４１備え配向膜４１画素電極１２接触しないに設け液晶表示装置選択１	1					
クリーン環境高真空下あるいは高温の使用好適な潤滑剤組成及びその潤滑剤組成封入した軸受提供する解決手段２環液晶化合１式２表さ３環液晶化合物置換基直鎖又は分岐鎖のアルキル基１更に式２の置換基基−ＯＣＨ２ＣＨ２ＣＨＲＣＨ２ＣＨ２ＯＲ含む３環液晶化合含む潤滑剤組成選択なし	1					
コレステリック構造有する液晶材料用いた光学部材ドットパターン斜めの観察再帰反射示す反射の強度大きい光学部材およびデータ入力するできる画像表示装置データ入力の感度よい画像表示装置提供する解決手段基板と上記基板の表面接するドットと有し上記ドットコレステリック構造有する液晶材料なり４つの上記ドット集合体１つの認識有効領域形成し上記認識有効領域の任意の１つの上記ドット上記認識有効領域の少なくとも２のの上記ドットと最も近い端距離１０μｍである光学部材および上記光学部材有する画像表示装置選択なし	1					
ジチオアルキルピロロピロールおよび色素のその使用提供する解決手段液晶ホストの溶液非常に高い安定性有し二有する新規なジチオピロロピロール誘導体提案する選択なし	1					
チルトの制御容易で広範囲な液晶発現領域有し大きな屈折率異有する重合液晶組成の提供解決手段１表さシンナメート結合とフルオレン骨格有するフルオレン誘導体の群選択さ少なくとも１つの化合と特定のフルオレン骨格有するビス不飽和カルボン酸エステル化合含有する重合液晶組成Ｗ１１Ｈ又はメチル；Ｗ１２水素；Ｘ１Ｈ；Ｙ１炭素数１〜２０のアルキレン選択なし	1					
ネマチックハイブリッド配向性改善さた液晶フィルムの製造方法およびそれ用いた位相板の提供解決手段液晶フィルムの製造方法であって液晶化合含んでなる重合組成配向基板塗布し塗布膜得る工程塗布膜重合組成の液晶−相転移温度３〜２０低い温度範囲選択さ温度３０加熱保持する第１の加熱工程第１の加熱工程得た塗布膜第１の加熱工程５〜２０低い温度範囲選択さ温度さらに３０加熱保持する第２の加熱工程含んで第１および第２の加熱工程多段階加熱保持液晶化合ネマチックハイブリッド配向さ選択１	1					
フィルム粘着の抜けの発生効果的防止するできる粘着位相フィルム並びに粘着位相フィルム粘着の抜けの発生評価するできる密着評価方法提供する解決手段本発明係る粘着位相フィルム１基１１パターン配向１２液晶組成含む液晶１３粘着剤組成含む粘着２０とこの順に積層さたフィルムであって粘着２０光学に透明な粘着ＯＣＡテープ貼付しテンシロン引張試験機用いて１０００／ｍｉｎ剥離方向１８０°剥離したの液晶１３粘着２０の界面剥離強度２７００ｆ／２５である選択１	1					
ブルー利用した液晶素子高速応答示すが液晶の相関短い駆動電圧高かった解決手段アキラル成分Ｔとキラル含有し光学に等方の液晶発現する液晶組成該液晶の選択反射の波長適切に調整するより低電圧駆動できる見出した選択なし	1					
ポリイミドなど形成さ従来の配向膜やその形成工程必要としない水平配向液晶表示素子配向制御効率よく形成し電気特性透過率特性やコントラスト優れる水平配向液晶表示素子提供する解決手段紫外線照射光フリース転位生じる芳香エステル有する配向制御形成モノマーおよびビシクロヘキシル構造有する重合化合物含有しそして正または負の誘電率異有する液晶組成用いる選択なし	1					
マスキングフィルム剥がさた基フィルムのマスキングフィルムの面液晶樹脂備える複フィルムの製造方法であって配向状態良好で配向欠陥少ない液晶樹脂得製造方法提供する解決手段延伸さた基フィルム及びマスキングフィルム備える原反フィルムのマスキングフィルム剥離する工程Ｉ基フィルムのマスキングフィルムの面の配向規制低下する工程II工程Ｉ及び工程IIの基フィルムの面の配向規制修復する工程III工程IIIの基フィルムの面液晶組成の層形成する工程IV工程IVの液晶組成の層硬化さて液晶樹脂得る工程Ｖ含む複フィルムの製造方法選択１	1					
より実用な液晶電解質及び色素増感太陽電池提供する解決手段液晶化合物１酸化還元含む複合体複合した液晶電解質２８であって前記液晶化合物１環状炭酸エステル部位８メソゲン部位６アルキル鎖３，４結合さて特徴する選択２	1					
リタデーションの変化抑制さた位相フィルム製造可能な位相フィルムの製造方法提供する解決手段透明基の一面配向及び位相この順に有する位相フィルムの製造方法であって透明基の一面配向備えた積層準備する工程と前記配向紫外線硬化液晶化合含有する位相組成塗布し塗布膜する工程と前記塗布膜赤外線照射する工程と赤外線照射の前記塗布膜紫外線照射する工程有する位相フィルムの製造方法選択１	1					
安定性の高い液晶媒体の提供解決手段少なくとも１種類の式Ｉの化合物および１種類の特定のピリミジン環含有化合含む液晶媒体特にＶＡＰＳＡＰＡ−ＶＡＳＳ−ＶＡＳＡ−ＶＡＰＳ−ＶＡＰＡＬＣＩＰＳＰＳ−ＩＰＳＵＢ−ＦＦＳＵ−ＩＰＳＦＦＳまたはＰＳ−ＦＦＳ効果基礎するアクティブマトリックスディスプレイのの液晶媒体式Ｒ１およびＲ１*アルキル基等Ａ１およびＡ１*１，４−シクロヘキセニレンＺ１およびＺ１*−ＣＯ−Ｏ−等Ｌ１およびＬ２Ｆ表す選択なし	1					
位相の厚みのムラ小さくする目的する解決手段尺フィルム２３搬送しながら透過所望の位相付与する重合液晶化合物位相前記尺フィルム作成する光学フィルムの製造方法重合液晶化合の塗工長尺フィルム２３塗工する塗工工程２１エアーの吹塗工工程２１長尺フィルム２，３塗工した塗工溶剤成分揮発さエアーブロー工程２２エアーブロー工程２２続いて長尺フィルム２３塗工した塗工乾燥さ乾燥工程２３乾燥工程２３続いて長尺フィルム２３塗工した塗工係る重合液晶化合硬化さ硬化工程２４と備える塗工塗工したエアーブロー工程２２実効なエアーの吹完了する区間長尺フィルム２３の振動の振幅１０である選択４	1					
液晶セルの電圧保持ＶＨＲの低下抑制する技術の提供解決手段本発明のネガ液晶材料負の誘電率異有する液晶化合と下記化学式１示さ減粘含む化学式１式１Ｘ及びＹＨ又はハロゲン基でありかつＸ及びＹの少なくとも１つハロゲン基でありＲ及びＲ炭素１〜５の何れの直鎖飽和アルキル基又は炭素１〜５の何れの直鎖飽和アルコキシ基である選択なし	1					
液晶ディスプレイ提供する解決手段本発明ＰＳｐｏｌｙｍｅｒｓｔａｂｉｌｉｓｅｄ：ポリマー安定化またはＰＳＡｐｏｌｙｍｅｒｓｕｓｔａｉｎｅｄａｌｉｇｎｍｅｎｔ：ポリマー維持配向の液晶ｌｉｑｕｉｄ−ｃｒｙｓｔａｌ：ＬＣディスプレイ使用するのＬＣ媒体選択なし	1					
液晶の析出抑制さ液晶配向する温度範囲広い鎖液晶ポリマー及び液晶組成量産向上した位相有する位相フィルム前記位相転写可能な転写積層前記位相フィルム有する光学部材又は表示装置の提供解決手段Ｉ表さ構成単位と特定の液晶構成単位と有する共重合含む側鎖液晶ポリマーＲ１Ｈ又はメチル；Ｒ２−ＣＨ２ｎ−Ｌｉ−Ａｒ１−Ｒ３又は−Ｃ２Ｈ４Ｏｎ−Ａｒ１−Ｒ３；Ｌ１直接結合Ｏ−ＯＣＯ−又は−ＣＯＯ−；Ａｒ１置換／非置換のＣ６−１２のアリーレン；Ｒ３置換／非置換の直鎖／分岐のアルキル又はアルコキシ；ｎ及びｎ夫々独立２〜１０の整数選択なし	1					
液晶化合なる液晶化合物粒子分散さた液晶分散の製造方法であって液晶化合物粒子の粒径均一にできるこれ簡便な方法安定して与えるできる製造方法提供する解決手段液晶化合含む化合物液体水溶液と多孔膜隔てて配置するステップと該化合物液体多孔膜の両面複数回往復通過さ繰り返し通過ステップと含む選択１	1					
液晶化合の配向欠陥の発生抑えかつ溶剤の溶解保存安定性優れる好ましく良好な円偏光変換可能な位相フィルム構成する適した液晶組成提供する目的する解決手段主鎖環構造３有する重合液晶化合物およびアルミニウム含み前記アルミニウムの含有量前記重合液晶化合１１７０である液晶組成選択なし	1					
液晶化合均一に配向さ可能な位相フィルムの製造方法提供する解決手段搬送さ連続フィルム支持体５１液晶材料配向規制備える配向形成するの配向形成材料塗布および乾燥して第１の塗膜５２形成する工程第１の塗膜５２偏光照射する配向規制付与して配向形成する工程および配向液晶化合含む液晶形成材料塗布および乾燥して第２の塗膜形成する工程と第２の塗膜５２の液晶化合配向さ配向固定して液晶形成する工程と備える位相フィルムの製造方法であって偏光照射する前連続フィルム支持体５１の搬送５０垂直な方向Ｓ±１０θの方向偏光のピーク波長±３０ｎｍピーク波長有する非偏照射する選択３	1					
液晶化合物必要な一般的物性熱光など安定性小さな粘適切な大きの屈折率異適切な大きの誘電率異および急峻な電気光学特性ネマチック広い温度範囲および他の液晶化合物の優れた相溶性有する液晶化合物特にネマチック広い温度範囲有する液晶化合物提供する解決手段１表さ化合物例えばＲ１およびＲ２アルキルまたはアルケニルであり；環Ａ１例えばトランス−１，４−シクロヘキシレンであり；環Ａ２例えばトランス−１，４−シクロヘキシレンまたは２，３−ジフルオロ−１，４−フェニレンであり；Ｑ１およびＱ２フッ素または塩素であり；ｈ０１または２である選択なし	1					
液晶組成求め諸特性満たしつつ応答速度およびコントラスト改善した液晶組成提供しあわせてこれ用いた液晶表示素子提供する解決手段一般ｉ表さ化合物及び誘電に中性な化合選ば１又は２の化合物含有する液晶組成あわせてこれら使用した液晶表示素子該液晶組成特に誘電率異負のｎ化合物含有するｎ液晶組成有用である選択なし	1					
液晶組成添加する液晶組成の劣化防止し液晶組成の相溶性高く液晶組成の保存安定性損なうなくかつ簡便に製造可能な安定剤化合の提供解決手段Ｉ表さ化合物式Ｕ水素原子フッ素原子塩素原子臭素原子ヨウ素原子ペンタフルオロスルフラニル基ニトロ基アミノ基水酸基メルカプト基又は１〜１０の有機基表すがＵの価数ｎ表す数同じ数である選択なし	1					
液晶組成の光分解防ぐ効果有し液晶組成の高い溶解度有する化合物含む液晶組成この組成含む液晶表示素子の提供解決手段１表さ化合物含む液晶組成及び前記組成用いた液晶表示素子１Ｒ１〜Ｒ８各々独立Ｈ又はＣ１〜４のアルキル；環Ａ１及び環Ａ２シクロキシレンフェニレンナフタレンジイル；Ｚ１〜Ｚ３単結合又はＣ１〜１０のアルキレン；ａ及びｂ各々独立１又は２；ｃ０〜２選択なし	1					
液晶組成及びこれ含む液晶表示装置の提供解決手段化学式１表さ化合物１含む液晶組成Ｒ１及びＲ２夫々独立ＨＣ１〜８のアルキルＣ２〜８のアルケニル又はＣ１〜８のアルコキシ；夫々独立シクロヘキサン又はテトラヒドロピラン選択なし	1					
液晶有する円偏光板製造する好適な円偏光板の製造方法提供する解決手段直線偏光少なくとも含む偏光機能偏光機能接着第１液晶接着及び第２液晶この順含む円偏光板の製造方法第１及び第１液晶有する基第１液晶の前記第１液晶前記接着前記第２液晶及び第２この順に有する第１の基液晶含有準備する工程と第１の基液晶含有基剥離して第１液晶の基露出形成する工程と露出偏光機能接着形成するの偏光機能接着組成設けた第１の組成液晶含有得る工程と第１の組成液晶含有の偏光機能接着組成と偏光機能貼合する工程と含む第１液晶第１重合液晶化合重合して得たである選択４	1					
液晶媒体及びアクティブマトリクスディスプレイ特にＶＡＰＳＡＰＳ−ＶＡＰＭ−ＶＡＳＳ−ＶＡＰＡＬＣＩＰＳＰＳ−ＩＰＳＦＦＳ又はＰＳ−ＦＦＳ効果基づくディスプレイのの該液晶媒体の提供解決手段１種類の式ＥＹの化合物及び他の化合物の群選択さ２種類の化合物含む特徴する液晶媒体Ｌ１Ｌ２互いに独立Ｆ又はＣｌ；Ｒ１、１＊Ｈ非置換選択なし	1					
液晶媒体提供する解決手段本発明式Ｉ−１の化合物および／または式Ｉ−２の化合と追加して式ＩＩＡＩＩＢおよびＩＩＣの化合物の群選択さ１種類の化合物含む液晶媒体と特にＶＡＰＳＡＰＡ−ＶＡＰＳ−ＶＡＰＡＬＣＩＰＳＰＳ−ＩＰＳＦＦＳＵＢ−ＦＦＳまたはＰＳ−ＦＦＳ効果基礎するアクティブマトリクスディスプレイの前記媒体の使用と関する式Ｒ２ＡＲ２ＢＲ２ＣＬ１〜４Ｚ２Ｚ２ｐｑおよびｖ請求項１示す意味有する選択なし	1					
液晶媒体提供する解決手段本発明重合化合物含む液晶ＬＣ：ｌｉｑｕｉｄｃｒｙｓｔａｌ媒体とそれ調製するの方法と光学電気光学および電子目的の特にＬＣディスプレイとりわけＰＳＡポリマー維持配向：ｐｏｌｙｍｅｒｓｕｓｔａｉｎｅｄａｌｉｇｎｍｅｎｔタイプのＬＣディスプレイＬＣ媒体の使用とそれ含むＬＣディスプレイと関する選択なし	1					
液晶媒体提供する解決手段本発明負の誘電異有し式Ｉの少なくとも１種類の化合物式Ｒ１、１＊およびａ請求項１示さ意味有する含む液晶媒体と特にＶＡＰＳ−ＶＡＰＡＬＣＦＦＳまたはＩＰＳ効果基づくアクティブマトリクスディスプレイ液晶媒体の使用と関する選択なし	1					
液晶媒体提供する解決手段本発明式Ｉの化合と少なくとも１種類の式Ｉの化合物含有する極性化合の混合物基づく液晶媒体と特に自己配向ＶＡＰＳＡＰＳ−ＶＡＰＶＡＭＶＡＰＭ−ＶＡＨＴ−ＶＡまたはＶＡ−ＩＰＳモードの電気光学ディスプレイけるＬＣ混合物の使用と関する式Ｒ１、２環Ａ１Ｚ１Ｚ２ＳｐＰＬ１Ｌ２ｒ１ｒ２ｒ３ｍｎｐ１およびｐ２請求項１示す意味有する選択なし	1					
液晶表示素子ＵＶ照射行った場合表示素子の電圧保持低下し加熱行った場合表示素子変色起し化合物・組成の提供解決手段例えば下Ｉ−４表さ化合物併せて当該化合含有する組成及び製品効果液晶組成添加しＰＳＡ液晶表示素子作製し当該表示素子ＵＶ照射行った場合表示素子の電圧保持低下し加熱行った場合表示素子変色起し液晶組成及び表示素子の構成部材有用である選択なし	1					
液晶表示装置組み込んだ場合斜め色味変化改善できる光学素子光学素子の製造方法および液晶表示装置提供する解決手段円盤液晶化合なるコレステリック液晶固定さた反射偏光子備え反射偏光素子反射中心波長の外側±５０ｎｍ正面レターデーションＲｅ０ｎｍ≦Ｒｅ<１０ｎｍでありかつ極角５０°方向のレターデーションＲｅｔの絶対値｜Ｒｅｔ５０°）｜｜Ｒｅｔ５０°）｜≦５０ｎｍである光学素子する選択２	1					
液晶分子配向さ能力の優れた極性化合の提供解決手段１-２-２のに少なくとも１つの式１−ａの構造有する化合物Ｓｐ４単結合または置換さててアルキレン；Ｒ４およびＲ５の少なくとも１つアルキルであり残りＨ選択なし	1					
応答速度速い液晶ディスプレイ提供する解決手段少なくとも１の下記１の化合物式Ｒ及びＲそれぞれ独立−Ｏ−−Ｓ−−ＣＯＯ−もしくは−ＯＣＯ−中断さててよく分岐有しててアルキルアルケニル又はアルキニル基表しｌｍ及びｎそれぞれ独立０又は１表しＸｌ＝０のＦｌ＝１のＦ又はＨ表しＹｌ＝０のＦｌ＝１のＨ表す含有する液晶組成する選択なし	1					
化学に高い安定性及び液晶分子配向さ高い能力並びに液晶組成の高相溶性有す合提供前記化合含みネマチック高い上限温度ネマチック低い下限温度小さな粘適切な光学異正または負大きな誘電率異大きな比抵抗紫外線高い安定性熱高い安定性大きな弾性定数などの特性の少なくとも１つ充足する液晶組成提供解決手段１表さ末端−ＯＨ基有する極性化合物Ｒ１Ｃ１〜１５のアルキル；環Ａ１１，４−シクロキシレン１，４−フェニレン；Ｚ１単結合ＣＨ２２ＣＨ＝ＣＨＣ≡ＣＣＯＯ；ａ1又は２；Ｌ１〜Ｌ４各々独立ＨＦＣｌＣ１〜５のアルキル又はＣ２〜５のアルケニル；Ｓ１炭素数１１０のアルキレン選択なし	1					
課題高い上限温度低い下限温度小さな粘適切な光学異負大きな誘電率異大きな比抵抗紫外線高い安定性熱高い安定性のな特性の少なくとも１つの特性充足するまたはこれらの特性の少なくとも２つのあいだ適切なバランス有する液晶組成および表示不良抑制さた液晶表示素子提供するである解決手段長所第一添加液晶組成高い溶解有し液晶表示素子の表示不良抑制する効果有する化合物第一成分負大きな誘電率異有する特定の化合物含有し負の誘電率異有する液晶組成およびこの組成含有する液晶表示素子であるこの組成第二成分高い上限温度または小さな粘有する特定の化合物および第二添加重合基有する特定の化合物含有して選択なし	1					
回転粘性γ１十分に小さくフリッカーの発生抑制又は解消さ絶対値大きな負の誘電率異Δε有する液晶組成及び前記組成用いた応答速度の速く焼き付きIS又は表示ムラの表示不良ない又は抑制さた表示品位の優れた液晶表示素子の提供解決手段ａ表さ化合物１又は２と式ｉｉ表さ化合物１又は２含有する液晶組成選択２	1					
額縁領域より小さくしたタッチパネル液晶表示装置提供する解決手段タッチパネル液晶表示装置表示領域２０２の対向する辺のそれぞれの外側配置さ走査信号順次走査信号電位印加する表示駆動回路３００表示領域の対向する辺のそれぞれの外側表示駆動回路更に外側配置さ共通電極の複数の駆動電極順次駆動パルス印加するタッチパネル駆動回路４００表示領域の対向する辺のそれぞれの外側表示駆動回路内側配置さ複数の駆動電極液晶組成の配向制御するの共通電位と表示のタッチ検出するタッチ駆動パルスいずれ印加する切り替えるスイッチ回路４９０備える選択２	1					
簡素な回路構成階表現可能した調装置提供する解決手段装置１００駆動電圧出力する駆動電圧出力３１，３２駆動電圧出力３１，３２駆動電圧の大き漸増または漸減さ制御３３印加電圧の大き応じて光透過率変わる複数の光部１５であって駆動電圧出力３１，３２並列接続さた複数の光部１５有するシート１０備えるさらに装置１００複数の光部１５のの１つ接続さた分圧回２１であって各光部１５共通する駆動電圧分圧して当該圧回２１接続さた光部１５の印加電圧の大き他の少なくとも１つの光部１５の印加電圧の大き異なら分圧回２１備える選択２	1					
基の塗膜加熱あるいは活性エネルギー照射して得成膜基の密着優れ且つ耐久性優れる重合液晶組成提供し併せて当該重合組成用いた配向性良好な光学異方体提供するある解決手段本発明少なくとも１の分子１の重合官能基有する重合液晶化合物Ｉ少なくとも１の分子２の重合官能基有する重合液晶化合物ＩＩ及び少なくとも１の一般ＩＩＩ表さ重合リン酸化合含有する重合液晶組成提供するまた本発明の重合液晶組成用いた光学異方体提供する選択なし	1					
基板反射材料なるドット有する光学部材ドットの反射の強度大きい光学部材提供するまたデータ入力するできる画像表示装置データ入力の感度よい画像表示装置提供する解決手段基板２上記基板の表面形成さたドット１と有しドット１コレステリック構造有する液晶材料なり波長選択反射有しかつ波長選択反射示す波長右円偏光および左円偏光のいずれ反射する光学部材およびこの光学部材有する画像表示装置である選択１	1					
逆カール抑制さた光学積層及びその製造方法提供する解決手段プロテクトフィルム偏光板１の位相及び粘着剤この順に含みプロテクトフィルム式：第１弾性率−第２弾性率≧３００ＭＰａ満たす光学積層提供さ式第１弾性温度２３相対湿度５５ＲＨの偏光板の吸収直交する方向引張弾性であり第２弾性温度２３相対湿度５５ＲＨの偏光板の吸収と平行な方向引張弾性である選択１	1					
逆波長分散特性有しかつその精密な制御容易に行い位相板およびそれ低コスト且つ良好な表示性能有する表示装置及びその構成要素の提供解決手段逆波長分散重合液晶化合重合モノマー含有する組成Ａ硬化さてなる光学異有する位相板であって前記逆波長分散重合液晶化合物分子主鎖メソゲン前記鎖メソゲン結合した鎖メソゲンと有し前記鎖メソゲン及び前記鎖メソゲン異なる方向配向しそれ前記光学異の複屈折Δｎ逆波長分散特性有し前記組成Ａ重合モノマー前記逆分散重合液晶化合置換した組成Ａ０硬化さてなる層のリタデーションと前記光学異のリタデーションと所定の関係満たす位相板；及びそれ含む円偏光板及び表示装置選択なし	1					
極度の高温及び極度の低温モニター及びテレビ動作し同時に非常に短い応答時間有し同時に改良さた信頼性挙動有し特に長い動作時間画像の固着示さない著しく低減さて保証さ液晶媒体提供する解決手段Ｉ表さ化合と少なくとも１種類の式Ｉ表さ化合物含む極性化合の混合物基礎する液晶媒体と特にＶＡＰＳＡ等の効果基礎するアクティブマトリクスディスプレイの前記媒体の使用Ｒ１及びＲ１＊各々独立アルキル基等；Ｌ１〜Ｌ４各々独立ＦＣlＣＦ３又はＣＨＦ２選択なし	1					
駆動電圧の上昇抑制し複屈折の低減抑制し透過改善さつつ液晶の立時間改善するで高透過且つ高速応答優れた重合液晶組成なる液晶表示素子の提供解決手段Ｖ及びＶＩ表さ化合物選ば前記重合化合物１〜４０質量なる割合含有する重合液晶組成Ｘ１及びＸ２夫々独立Ｈ又はメチル基；Ｓｐ１及びＳｐ２夫々独立単結合Ｃ１〜１２のアルキレン基等；ＵＣ５〜３０の多価環状置換基等；ｋ１〜５の整数Ｘ３Ｈ又はメチル基；Ｓｐ３単結合Ｃ１〜１２のアルキレン基等；Ｖ５〜３０の多価環状置換基等；ＷＨハロゲン原子選択なし	1					
屈曲色変化低減しつつ耐屈曲優れた円偏光板提供する解決手段屈曲可能な表示装置用い円偏光板であって偏光子と偏光子のの側配置さた少なくとも１の位相備え屈曲前後得反射の色相ａ＊ｂ＊色度座標ａ＊座標軸及びｂ＊座標軸挟んで符号変化しない選択９	1					
屈折率異Δｎ及びネマチック−液体転移温度Ｔｎｉ低下さなく固体−ネマチック転移温度Ｔｃｎ十分に低く粘η十分に小さく回転粘性γ１十分に小さく弾性定数Ｋ３３大きく絶対値大きな負の誘電率異Δε有する液晶組成提供し表示品位の優れた応答速度速い液晶表示素子の提供解決手段第一成分一般Ｉ−ａ表さ化合物含有し第二成分一般Ｉ−ｂ表さ化合物含有し第二成分のＲ１３及びＲ１４炭素原子数２〜８のアルケニル基ない化合物の含有量９０〜１００質量である液晶組成またこれ用いた液晶表示素子選択なし	1					
結晶ネマチックの相転移温度ＴＣＮ低くでき配向性良好で且つ相分離の発生の抑制可能な液晶組成提供する解決手段逆波長分散の複屈折発現し分子量５４０の重合液晶化合と１９．０のＳＰ有する分子量２２０５４０のメタアクリレート化合含む液晶組成選択なし	1					
光安定性酸化防止及び電圧保持向上さた液晶組成提供し更にこれ用いる耐久性優れた液晶表示素子提供する解決手段下記一般表さ化合物１又は２含有する液晶組成Ｘｉ１１Ｘｉ１２Ｘｉ２１Ｘｉ２２Ｘｉ３１及びＸｉ３２夫々独立してＲｉＡｉ−Ｚｉｍｉ；ＲｉＨハロゲン原子又はＣ１〜１５のアルキル基等；Zｉ単結合−ＣＨ２ＣＨ２−等；Aｉ１，４−シクロヘキシレン基１，４−フェニレン基ナフタレン−２，６−ジイル基等；ｍｉ０〜４の整数選択なし	1					
光学活性シクロヘキサン化合の捻じれ調整した光学活性化合液晶組成添加してなる応答速度改良したネマチック液晶組成提供するある解決手段下記の一般(1)表さ光学活性化合物又はこの混合光学活性化合これ異なる光学活性化合液晶組成混合さ該液晶組成惹起さ捻じれのピッチ調整して液晶組成する１２選択なし	1					
光学特性の変化少なくかつ優れた耐久性確保できる偏光板提供する解決手段本発明保護含む偏光板及びこれ含む表示装置より詳しくポリビニルアルコール含む水系組成保護形成し基フィルム硬化液晶コーティング設けた偏光子含む偏光板及びこれ含む表示装置本発明偏光板高い耐久性及び光学特性の保存可能であり表示装置優れた耐久性及び画質実現するできる選択１	1					
光変調素子提供する解決手段本発明共通電極構造２および駆動電極構造３個別に備える２の基板１の間挟持さコレステリック液晶媒体含む光変調素子であってただし駆動および／または共通電極構造有する基板同一基板の駆動および／または共通電極構造誘電体５分離さ配向電極構造４追加して備え光変調素子液晶媒体直接隣接する少なくとも１の配向６含む特徴する光変調素子本発明更に前記変調素子の製造方法と電気光学ディスプレイ液晶ディスプレイＬＣＤｌｉｑｕｉｄｃｒｙｓｔａｌｄｉｓｐｌａｙ非線形光学ＮＬＯｎｏｎ−ｌｉｎｅａｒｏｐｔｉｃ装置および情報記憶装置などの様々なタイプの光学および電気光学装置前記変調素子の使用と関する選択１	1					
広い波長一様の偏光変換可能な光学フィルム提供する解決手段Ａ表さ基及び重合基含む化合物Ａ前記化合物Ａ異なる液晶化合含有する光学フィルム形成組成であって前記液晶化合の含有量化合物Ａ該液晶化合の合計１００重量９０重量であり前記液晶化合物式４表さ化合である光学フィルム形成組成−Ｇａ−Ｄａ−Ａｒａ−Ｄｂ−Ｇｂ−ＡＰ１１−Ｅ１１−Ｂ１１−Ａ１１ｔ−Ｂ１２−Ｇ４選択１	1					
高いコントラスト位相発現できる位相フィルム組成位相フィルムの製造方法偏光板および液晶表示装置提供する解決手段高分子化合と棒状液晶化合と光反応化合物含む組成形成した位相フィルムであって上記高分子化合物１のアゾ基および／またはシンナメート基と３１０のアリーレン基と有する側鎖有し上記鎖さらに置換さててアミノ基または炭化水素基末端有し上記高分子化合のＳＰと上記光反応化合物のＳＰの差の絶対値１．１でありかつ波長５５０ｎｍ面内レタデーション１０ｎｍ２００ｎｍである位相フィルム選択なし	1					
高い光学特性有しかつ過酷な環境光学特性の変化生じ高い信頼性有する逆波長分散の水平配向液晶硬化膜含む積層提供する解決手段少なくとも１の波長３００〜４００ｎｍの間極大吸収波長有する重合液晶化合含む重合液晶組成の硬化である水平配向液晶硬化膜水平配向膜および硬化樹脂含み前記水平配向液晶硬化膜前記重合液晶化合物該液晶硬化膜平面水平方向配向した状態硬化した重合液晶組成の硬化でありかつ式１：Ｒｅ４５０／Ｒｅ５５０≦１１式１Ｒｅλ波長λｎｍ水平配向液晶硬化膜の面内位相表す満たし前記硬化樹脂の厚み０．１〜１０μｍである積層選択なし	1					
高い重合反応高い転化及び液晶組成の高い溶解度有する重合化合物前記化合含む重合組成前記組成調製した液晶複合体及び前記複合有する液晶表示素子の提供解決手段少なくとも２つの重合基有し少なくとも１つの重合基アクリロイルオキシまたはメタクリロイルオキシであり少なくとも１つの重合基式Ｐ−１表さ重合化合物及び前記化合含む重合組成前記組成調製した液晶複合体前記複合有する液晶表示素子Ｒ１少なくとも１つの−ＣＨ２ＣＨ２−−ＣＨ＝ＣＨ−又は−Ｃ≡Ｃ−置き換えたＣ２〜１５のアルキルこれらの基少なくとも１つの水素ハロゲン置き換えて選択なし	1					
高い耐透湿性有する液晶表示装置シール提供する課題する解決手段エポキシモノマーと硬化剤構成さシール成分と吸湿含む液晶表示装置シールであって前記吸湿ＳｉＯｘ式ｘ＝１８及びＡｌＯｙ式ｙ＝１８である含有する結晶化合物含み前記吸湿前記液晶表示装置シールの全量５質量１８質量含ま特徴する液晶表示装置シール上記課題解決する選択１	1					
高い透過率維持しながらより理想近い負の分散特性有する液晶フィルムなる位相板提供する解決手段複屈折Δｎ可視光領域の少なくとも一部の波長領域測定波長長いほど大きくなる負の分散特性有する位相板であって位相板液晶化合含む重合液晶組成と二色色素と含んでなる液晶フィルムなりかつ液晶化合物液晶フィルムネマチックハイブリッド配向して下記１表さ位相板二色色素のオーダーパラメータＳ１．０≧Ｓ≧０．５の範囲ある位相板であるＳ＝ＤＲ−１／ＤＲ＋２１式１ＤＲ二色色素の二色である選択１１	1					
高い誘電率異及び／又は低い回転粘維持できると同時に光安定性及び／又は低温保存安定性高めるできる液晶組成及び該液晶組成用いた液晶ディスプレイデバイスの提供解決手段液晶組成第１の成分及び第２の成分含む第２の成分１つまたはそれの式ＩＩ表さ化合物含むｍｍｎ及びｎの各々独立０〜６の整数前記ｍｍｎ及びｎ同じである又は異なる選択なし	1					
高温環境変形し凹凸形状エンボス加工容易に形成するできる硬化樹脂備えた硬化樹脂転写フィルム提供する解決手段仮支持と前記仮支持体設けた光重合液晶化合含む液晶組成の硬化なる硬化樹脂備え前記硬化樹脂の前記仮支持反対の面のマルテンス硬さ５０Ｎ／ｍｍ２１２０Ｎ／ｍｍ２である硬化樹脂転写フィルム選択１	1					
高温環境置かた場合の液晶硬化のレターデーションの変化抑制できる液晶硬化フィルム提供する解決手段配向した逆分散液晶化合含む液晶組成の層硬化さた液晶硬化備える液晶硬化フィルムであって温度５０の液晶組成の層の波長分散Ｒ１４５０／Ｒ１５５０温度２５の液晶硬化の波長分散Ｒ２４５０／Ｒ２５５０の変化率±４．０である液晶硬化フィルムＲ１４５０及びＲ１５５０測定波長４５０ｎｍ及び５５０ｎｍ液晶組成の層の面内レターデーション表しＲ２４５０及びＲ２５５０測定波長４５０ｎｍ及び５５０ｎｍ液晶硬化の面内レターデーション表す選択なし	1					
高温湿環境耐久試験供さた円偏光板室温放置さと経時に反射色相の面内均一悪化する問題改善する解決手段偏光板１位相フィルム２と積層さた円偏光板１００，１０１であって前記偏光板偏光子１０および保護フィルム１１，１２備え前記保護フィルム前記偏光子前記位相フィルム反対配置さ前記保護フィルムの透湿度４５０／ｍ２・２４該円偏光板の寸法収縮速度４．１×１０−４／時間である円偏光板選択１	1					
高周波技術ののまたは電磁スペクトルのマイクロ波範囲およびミリメートル範囲のの構成要素及びその構成要素の製造および使用の提供解決手段Ｉ表さ液晶化合物又は式Ｉ表さ１または２の化合物同じく含む液晶媒体含む構成要素並びに対応する新規な液晶媒体その使用および製造並びに構成要素の製造および使用該構成要素特にマイクロ波領域およびミリメートル範囲位相シフターマイクロ波およびミリメートルアレイアンテナならびにとりわけいわゆる適合可能な反射アレイ好適であるＲ１１〜Ｒ１３各々独立Ｃ１〜１５の非フッ素アルキル又は非フッ素アルコキシＣ２〜１５非フッ素アルケニル基等選択なし	1					
高速応答特性及び低粘など実現するの液晶組成及びこれ含む液晶表示装置の提供解決手段第１部類の液晶化合物および第２部類の極性液晶化合含み前記第１部類の液晶化合物含酸素複素環とシクロヘキシレン環と１のフッ素原子と有し２環式化合物あるいは３環式化合物のいずれ一つ含み前記第２部類の極性化合物２の酸素含む複素環と２，３−ジフルオロフェニレンと含むジ又はトリフェニレンなる４環式化合物含む誘電率異Δε約５〜１７であり屈折率Δｎ約０．０８〜０．１５である液晶組成及び液晶表示装置選択１	1					
高分子安定化ブルーＰＳＢＰ電気光学特性の重合温度依存性少ないモノマー含有する液晶組成であり得たＰＳＢＰの駆動電圧低く大きなコントラスト有し重合温度マージン広いモノマー含有する液晶組成の提供解決手段１表さ化合物含むモノマーアキラルな液晶成分Ｔ及びキラル化合物含有する光学に等方の液晶組成Ｘ１〜Ｘ３各々独立Ｈ又はメチル；Ｚ１〜Ｚ３各々独立−Ｏ−−ＯＣＯ−−ＣＯＯ−−ＯＣＯＯ−又は単結合；ｎ１〜ｎ３各々独立１２〜２０の整数選択１	1					
黒表示斜め見たの光抑制優れる光学フィルム得るの積層提供する解決手段基及び光学異有しかつ光学異下記１２及び３満たす積層の提供Δｎ５０４５０／Δｎ５０５５０≦１．００１１．００≦Δｎ５０６５０／Δｎ５０５５０２ここΔｎ５０４５０Δｎ５０５５０Δｎ５０６５０それぞれ波長４５０ｎｍ５５０ｎｍ６５０ｎｍ進軸傾斜中心５０傾斜さ測定した得位相導出さ複屈折であるｎｚ>ｎｘ≒ｎｙ３ｎｘｎｙ基平面平行な方向の屈折率示しｎｘとｎｙそれぞれ直交しｎｚｎｘ及びｎｙのいずれ直交する方向の屈折率示す選択なし	1					
支持体のコレステリック液晶含む転写の剥離破断生じ輸送容易な転写反射シートおよび光学部材の製造方法提供する解決手段弱剥離セパレーターと強剥離セパレーターと光反射１および膜脆性改良２含む転写６と含み光反射１コレステリック液晶固定した層含み膜脆性改良２紫外線硬化モノマー含む組成の硬化得た層であり転写６の端裂抵抗ＦＮ／２５弱剥離セパレーター示す弱剥離強度Ｎ／２５強剥離セパレーター示す強剥離強度Ｎ／２５強剥離セパレーターのヤング率Ｅおよび上記剥離セパレーターの厚みｔの関係満たす転写反射シート１１である０．０１<弱剥離強度；弱剥離強度＋０．０１≦強剥離強度<０．０４×Ｆ；Ｆ>π／４・Ｅ・ｔ2また転写反射シート１１用いた光学部材の製造方法である選択１	1					
脂環構造含有する重合体含む樹脂なる基と液晶組成硬化の密着優れる積層の提供解決手段第１主面１０１Ｕ及び第２主面１０１Ｄ備えた基１０１基１０１の第１主面１０１Ｕ接して設け接着１０２接着１０２接して設け液晶組成硬化１０３と含む積層であって基１０１脂環構造含有する重合体含む樹脂なり基１０１の第１主面１０１Ｕ水の接触８０°であり接着１０２紫外線硬化樹脂組成の硬化なり紫外線硬化樹脂組成ヒドロキシアルキルアクリレート主成分含み液晶組成硬化１０３液晶化合含む液晶組成の硬化なる積層選択１	1					
室温付近均質な光学フィルムの作製使用するできるスメクチック液晶化合含む組成提供する解決手段本発明係る組成１，４−シクロヘキシル基有するスメクチック液晶化合含有する組成であってtrans−１，４−シクロキシル基有するスメクチック液晶化合物１００質量cis−１，４−シクロヘキシル基有するスメクチック液晶化合０．１ないし１０質量含有する選択なし	1					
樹脂原料液晶組成高分子改質医薬中間体などの利用考え新規テトラリン誘導体である２，６-テトラリンジメチルアルコール及びその製造方法提供する解決手段２，６−テトラリンジカルボン酸ジアルキルエステル溶媒と銅クロム水素化触媒の存在水素接触還元反応さ２，６−テトラリンジメチルアルコール１製造する選択なし	1					
従来同様に良好な配向示しより低コスト製造する可能な正のＣプレート備えた光学フィルム提供する目的する解決手段本発明係る光学フィルム逆波長分散有するポリカーボネート基１１備えた光学フィルム１であってポリカーボネートの基１１浸透１２重合液晶組成含有する液晶１３と順次積層さた積層なり浸透１２重合液晶組成含ま溶剤基１１構成するポリカーボネート溶解して形成さて選択２	1					
重合モノマーの重合従来チルト向上し素子の電圧印加の透過率向上する液晶複合材料提供する解決手段本発明の液晶・モノマー複合材料液晶組成重合モノマー含有する液晶・モノマー複合材料であって液晶組成液体−カイラルネマチック−カイラルスメクチックＣの相系列示し該液晶組成前記重合モノマー添加すると液体−カイラルネマチック−カイラルスメクチックＡ相−カイラルスメクチックＣの相系列示す特徴する選択なし	1					
重合液晶組成の重合液晶化合由来する微細な異物の発生および析出抑制し液晶硬化作製する場合配向欠陥生じ重合液晶組成提供する解決手段溶媒と前記溶媒溶解した重合液晶化合含む重合液晶組成孔径０．４μｍのフィルター濾過する含む重合液晶組成の濾過方法選択なし	1					
重合化合物および液晶ディスプレイそれらの使用提供する解決手段本発明重合化合とそれら調製するの方法および中間とそれら含む液晶ＬＣ：ｌｉｑｕｉｄｃｒｙｓｔａｌ媒体と光学電気光学および電子目的の特にＬＣディスプレイとりわけポリマー維持配向タイプのＬＣディスプレイ重合化合物およびＬＣ媒体ならびにＬＣ媒体およびＬＣディスプレイ安定剤の使用と関する選択なし	1					
重合化合物提供し当該重合化合用いた高速応答かつ低電圧駆動可能な高分子安定化液晶表示素子及び各種基材または配向膜の密着高い重合液晶フィルム提供するである解決手段本願発明一般Ｉ表さ化合物提供し併せて当該化合含有する組成当該組成重合さ得重合体及び液晶表示素子提供するそして本願発明の化合物重合組成加熱調製した場合高速応答及び低電圧駆動示す高分子安定化液晶表示素子用いる重合組成の構成部材有用であるまた本願発明の化合物含有する組成用いた重合体光学異方体各種基材または配向膜の密着優れる光学材料の用途有用である選択なし	1					
重合組成添加した結晶の析出起こらず高い保存安定性有するな重合化合物提供するである解決手段一般Ｉ表さ化合物具体例例えば下記構造の化合物併せて当該化合含有する組成当該組成重合さ得重合体及び当該重合体用いた光学異方体選択１	1					
初期の反射防止性能良好しつつ経時な反射防止性能の低下抑制し光学積層提供する解決手段液晶化合含む位相有する光学積層であって前記位相の光軸の角度のバラツキ３σ０．１００〜０．７５０である光学積層選択１	1					
少ない偏光照射効率よく配向規制付与する可能する液晶配向膜ポリマー提供する解決手段本発明光応答して化学構造変化する構成単位有しかつ重量平均分子量８０，０００〜５００，０００である液晶配向膜ポリマー選択なし	1					
色素化合提供する解決手段本願ジケトピロロピロール構造有する少なくとも１種類の色素化合および少なくとも１種類の更なる液晶化合含む混合物本願更に空間の光の進入制御するデバイス当該混合の使用選択なし	1					
新規な重合化合物及び低複屈折位相膜または反射波長の選択の高い反射膜のフィルムの提供解決手段Ｉ表さ重合化合物前記重合化合物含む重合組成前記重合組成形成さフィルム並びに前記フィルム含む投映像表示ハーフミラーＲ1アルキル基等；Ａｍ＋ｎ価の環状基；Ｌ1単結合；Ｌ2−ＣＯＯ−等；Ｚ−ＯＣＯ−等；Ｓｐアルキレン基又はアルキレンオキシ基等；Ｑメタアクリロイル基の重合基；ｌ０〜２の整数；ｍ１又は２の整数；ｎ１〜３の整数選択３	1					
新規な反射フィルム提供する特に手書き情報デジタルして情報処理装置入力する光学ペン手書き入力シートと使用したシステム手書き入力シートの構成部材用いるできる新規な反射フィルム提供する解決手段右円偏光選択反射する右円偏光反射および左円偏光選択反射する左円偏光反射なる群選択さいずれの円偏光反射含み上記円偏光反射コレステリック液晶固定した層含み上記円偏光反射選択反射示す波長非偏拡散反射２５なる反射波長有し上記反射波長の非偏右円偏光または左円偏光の選択に反射し上記反射波長赤外線波長あり非偏光可視光の直透過率５０であってヘイズ５である反射フィルム選択なし	1					
真空気泡及び基板のギャップ制御のスペーサーの干渉注入の発生防止し再配向処理の液晶組成のモノマーの硬化発生せず液晶の再配向十分に行わ液晶の配向方位の制御優れた液晶表示装置得るできる製造方法提供する目的する解決手段工程有する液晶表示装置の製造方法用いて解決する１スペーサー介して基板と対向基板と配置する工程２前記基板液晶組成注入し液晶セル作製する工程３前記液晶組成液晶示す温度液晶組成の再配向処理行う工程４前記液晶組成のモノマー硬化する工程選択なし	1					
垂直配向膜形成せず垂直配向液晶硬化膜形成しさらに水平配向膜介して水平配向液晶硬化膜連続して形成する可能な積層提供する解決手段基１垂直配向液晶硬化膜２水平配向膜３および水平配向液晶硬化膜４この順含む積層１１であって垂直配向液晶硬化膜２重合液晶化合物該液晶硬化膜平面垂直方向配向した状態硬化した重合液晶組成の硬化であり水平配向液晶硬化膜４重合液晶化合物該液晶硬化膜平面水平方向配向した状態硬化した重合液晶組成の硬化であり垂直配向液晶硬化膜２垂直配向促進含み前記水平配向膜メタアクリルポリマー形成さてなる光配向膜であり垂直配向液晶硬化膜２の基の面水平配向液晶硬化膜４の水平配向膜反対の面までの総膜厚１０μｍである積層選択１	1					
"正面コントラスト優れる位相フィルム作製するの重合液晶化合提供する目的する解決手段１表さ化合物有する重合液晶組成式１たとえばＷ1炭素数１〜１０のアルコキシカルボニル炭素数１〜１０のアルカノイルまたは重合官能基でありＡ１独立して１，４−フェニレンまたはナフタレン−２,６−ジイルでありＺ1結合基でありｍおよびｎ独立して０〜７の整数でありかつ３≦ｍ＋ｎ≦８でありＰ1重合官能基である選択なし"	1					
製造工程の簡便図りつつ液晶光学素子のサイズよらず高品質な液晶光学素子およびその液晶光学素子好適な液晶組成提供する解決手段本発明係る液晶組成液晶示し且つ非硬化化合である液晶化合と重合官能基有する液晶硬化化合と重合官能基有する非液晶硬化化合物含有する液晶組成であって液晶硬化化合物の含有量非液晶硬化化合物の含有量多く且つ液晶硬化化合物および非液晶硬化化合物の合全体の８質量２０質量する選択１	1					
赤波長偏光利用した検知システム周囲環境関わらず感度高く誤検知少なくする用いるできるフィルム提供する解決手段近赤外光波長の少なくとも一部右円偏光または左円偏光のいずれ一方選択に透過さ円偏光分離フィルムであって可視光波長の少なくとも一部光吸収する可視光吸収と近赤外光波長の少なくとも一部右円偏光または左円偏光のいずれ一方選択に透過さ円偏光分離含む円偏光分離フィルム選択なし	1					
選択反射波長の温度変化小さいコレステリック液晶組成の提供解決手段第一の成分一般１−１１−２表さ化合物第二成分一般２−１表さ化合物含有するコレステリック液晶組成選択なし	1					
速いオフ応答実現しつつ高い誘電率異Δε及び高い屈折率異Δｎ兼備さ解決手段透明基板ポリマーネットワークＡ液晶組成Ｂと含有する液晶挟持ささてかつ液晶組成Ｂ下記Ｉ表さ液晶化合物Ｉ及び下記ＩＩ表さ液晶化合物ＩＩ必須の低分子液晶化合含有する特徴する液晶表示素子選択なし	1					
多様な液晶デバイス適用する可能な新規有機化合物又は該新規有機化合含有する液晶組成提供する解決手段一般Ｇ１表さ有機化合提供する又該有化合物含む新規液晶組成提供する但し一般Ｇ１Ａｒ１置換若しくは無置換の炭素数６乃至１２のアリール基置換若しくは無置換の炭素数４乃至１２のシクロアルキル基又は置換若しくは無置換の炭素数４乃至１２のシクロアルケニル基のいずれ表すまたｍ１３の整数であるまたＲ１置換又は無置換の炭素数１乃至１１のアルキレン基表す選択なし	1					
多様な液晶表示装置適用する可能な新規液晶組成用材提供する解決手段一般Ｇ２表さ新規イソソルビド誘導体提供する一般Ｇ２Ａｒ１Ａｒ２Ａｒ３Ａｒ４それぞれ独立置換もしくは無置換の炭素数６乃至１２のアリーレン基置換もしくは無置換の炭素数３乃至１２のシクロアルキレン基又は置換もしくは無置換の炭素数４乃至１２のシクロアルケニレン基表しｌｋｍｎそれぞれ独立０乃至３表すまたＲ２１、２３それぞれ独立酸素単結合または置換もしくは無置換の炭素数１乃至１２のアルキレン基表すＲ２２、２４それぞれ独立水素酸素または置換もしくは無置換の炭素数１乃至１２のアルキル基又は置換もしくは無置換の炭素数１乃至１２のアルコキシ基表す選択なし	1					
耐光優れた偏光膜の原料なる二色色素機能する化合物含有する組成の提供解決手段１表さ化合と重合液晶化合含有する組成ＥＣ３の電子求引基等；Ａｒフェニレン基等ＡＨアルキル；Ｒ２〜Ｒ４各々独立Ｃ１〜４のアルキル基炭素数１〜４のアルコキシ基ハロゲン原子又はシアノ基前記アルキル基及び前記アルコキシ基構成する１つの水素原子ハロゲン原子又はヒドロキシ基置換さ；ｌ１又は２；ｍ各々独立０〜１０の整数；ｎｐｑ各々独立０〜２の整数選択なし	1					
耐熱性優れる位相フィルムの製造好適な側鎖液晶ポリマー液晶組成位相フィルム位相フィルムの製造方法転写積層光学部材及び表示装置用いポリマーの提供解決手段非液晶且つ非重合の構成単位Ａ液晶示す部分含む側鎖有する液晶構成単位Ｂと含む主鎖有し主鎖のいずれの構成単位の側鎖及び主鎖の末端選ば少なくとも一つの位置重合基有する共重合含む側鎖液晶ポリマー好ましく前記重合基含む構成単位Ｃ式ＩＩＩ表わさ構成単位含むである側液晶ポリマー選択なし	1					
単層逆波長分散または低波長分散示し優れた表面硬度有する光学異与え液晶材料提供する課題する解決手段下記Ｉ表さ化合物よび該化合含む液晶組成式Ａ1およびＡ2独立して１，４−フェニレン１，４−シクロキシレン選ば二基でありＺ1およびＺ2独立して単結合または炭素数１〜２０のアルキレンでありｎおよびｍ独立して０〜３の整数かつ１≦ｍ＋ｎ≦４の関係でありＸ１−ＮＲ３−または−Ｓ−でありＲ３水素または１の有機基でありＸ２−Ｏ−−Ｓ−または−ＮＲ４−でありＲ４水素またはメチルでありＲ１およびＲ２独立して重合有する基等である選択なし	1					
シート有する色低透過濃くする可能した調シート装置およびシートの製造方法提供する解決手段一対の透明電極１２一対の透明電極１２挟また１１備え１１複数のドメイン１Ｄ有したポリマーネットワーク１ＰＮと各ドメイン１Ｄ内在して透明電極１２印加さ電圧信号配向切り替える液晶組成１ＬＣＭ含み液晶組成１ＬＣＭ液晶化合物１ＬＣＣと二色色素１ＤＤ含み二色色素１ＤＤ液晶色素であるアントラキノン化合含む選択１	1					
素子の性能優れ耐光優れる液晶素子提供する解決手段少なくとも一方透明な基板であり対向して配置さ一対の電極基板有し基板カイラルネマチック液晶と高分子樹脂含む複合体含む液晶有する液晶素子高分子樹脂所定の一般表さ構造含有しカイラルネマチック液晶の誘電率異正でありかつ液晶成分特定の一般表さ化合物２０重量含む選択なし	1					
長時間の高温及び光照射プレチルト変化せず更に基板の濡れ拡がり高く均一な塗膜端の塗膜優れる液晶配向膜得液晶配向処理提供する解決手段Ｎ−エチル−２−ピロリドン及び下記１の側鎖有するポリイミド前駆体及びポリイミドなる群選ば少なくとも１の重合体含有する液晶配向処理但しＸ１Ｘ２Ｘ３独立して単結合などでありＸ４Ｘ５独立してベンゼン環などでありＸ６炭素数１〜１８のアルキル基などでありｎ０〜４の整数である選択なし	1					
第１の偏光子と第１のパターン光学異と第２のパターン光学異と第２の偏光子とこの順有し第２の偏光子と第２のパターン光学異の間配置さた光学異含む積層であって；第１の偏光子の吸収と第２の偏光子の吸収なす角度９０°±５°；第１のパターン光学異および第２のパターン光学異それぞれ遅相軸の方位異なる位相領域複数有し；白表示状態と黒表示状態切り替え；第１相差領域の遅相軸方位および第２相差領域の遅相軸方位いずれ２の偏光子の吸収および透過と平行または直交なく；光学異Ｒｅ＿ｏｆｆ５５０２４０〜３１０ｎｍＲｔｈ＿ｏｆｆ５５０−５０〜５０ｎｍである積層；窓	1					
熱光など安定性広い液晶温度範囲極めて大きな誘電率異有し光学に等方の液晶発現する液晶媒体求めてまた広い温度範囲使用可能であり短い応答時間大きなコントラストおよび低い駆動電圧有する各種光素子求めて式１表さ化合物１少なくとも１つ含むアキラル成分Ｔとキラル含有し光学に等方の液晶発現する液晶組成式１Ｒ１例えば炭素数１〜１２のアルキルであり；Ｌ１Ｌ２およびＬ３それぞれ独立して水素フッ素または塩素であり；Ｙ１例えばフッ素である	1					
本願対向配置さて一対の基板と前記一対の基板それぞれの対向して面のまたは両方形成さて電極と前記電極接続さた複数のアクティブ素子と前記一対の基板それぞれの対向して面形成さた液晶配向膜と前記一対の基板形成さた液晶有し；前記配向膜主鎖光異性構造有するポリアミック酸またはその誘導体得塗膜またはこの塗膜焼成する工程経て得膜直線偏光した照射して配向制御付与する工程経て作製さ；そして前記液晶負の誘電率異有する液晶組成である液晶表示素子本発明残像特性優れかつ配向安定性の良い液晶表示素子提供するできる	1					
本発明の液晶配向配向膜形成材料と有機溶剤含有する液晶配向であって前記有機溶剤メチレン基メチル基エーテル基ケトン基及びヒドロキシル基なる群選ば少なくとも２つの官能基含みつつ窒素原子含まない化合物含有する特徴する	1					
本発明ホメオトロピック配向の液晶組成用いた液晶変調素子より低い駆動電圧応答の高速化可能な液晶変調素子提供する本発明の液晶変調素子偏光互いに直交する二の偏光板の間第一の基板１０第二の基板２０基板略平行な電界発生さ一対の電極構造２４，２４有し基板垂直配向膜１２２２有し且つ少なくとも一方液晶分子のＣダイレクター一定の方向揃える配向機能具備し一対の電極構造２４，２４発生する電界方向方位角３５〜５５°の方向であり液晶組成３１キラルスメクチックＣ有する強誘電の液晶組成又はアキラルスメクチックＣ有する負の誘電異の液晶組成挟持さ電極構造２４，２４発生した電界液晶組成３１の複屈折変える透過する光の透過率変調する	1					
本発明液晶配向膜用いず液晶の配向性液晶バルク制御して得素子具体的表示素子及び光学素子の提供及び／又は該素子作製するの光反応液晶組成提供する本発明ＡＡ−１光架橋及びＡ−２光異性なる群選ば少なくとも１の反応生じる光反応鎖有する光反応高分子液晶；及びＢ低分子液晶；有する光反応液晶組成及び該組成有する液晶セル有して形成さ光学素子又は表示素子提供する選択なし	1					
本発明高温環境長期良好なＶＨＲ維持できる残留ＤＣ低く抑えるできシミや焼き付きの表示ムラ抑制するできる液晶表示装置提供する本発明の液晶表示装置画素電極含む第１基板と上記第１基板対向する第２基板と上記第１基板及び上記第２板の間挟持さた液晶と上記第１基板及び上記第２基板の少なくとも一方上設けた芳香ポリイミド配向膜と光照射上記液晶ラジカル供給しラジカル発生備え上記液晶アルケニル基有する液晶化合含み上記芳香ポリイミド配向膜ポリイミド及びポリアミック酸の少なくとも一方のポリマー含みかつ上記画素電極接触しないに設け上記少なくとも一方のポリマー芳香テトラカルボン酸二無水物モノマーユニット有する	1					
本発明重合化合物その製造のの方法および中間体それら含む液晶ＬＣ媒体ならびに重合化合物およびＬＣ媒体の光学電気光学および電子目的のの特にＬＣディスプレイとりわけＰＳＡポリマー保持整列タイプのＬＣディスプレイ使用	1					